id,japanese_name,english_name,genus,type1,type2,hp,Attack,Defence,Special-Attack,Special-Defence,Speed,ability1,ability2,hidden-ability,height,weight
1,フシギダネ,bulbasaur,たねポケモン,12,4,45,49,49,65,65,45,65,,34,0.7,6.9
2,フシギソウ,ivysaur,たねポケモン,12,4,60,62,63,80,80,60,65,,34,1.0,13.0
3,フシギバナ,venusaur,たねポケモン,12,4,80,82,83,100,100,80,65,,34,2.0,100.0
4,ヒトカゲ,charmander,とかげポケモン,10,,39,52,43,60,50,65,66,,94,0.6,8.5
5,リザード,charmeleon,かえんポケモン,10,,58,64,58,80,65,80,66,,94,1.1,19.0
6,リザードン,charizard,かえんポケモン,10,3,78,84,78,109,85,100,66,,94,1.7,90.5
7,ゼニガメ,squirtle,かめのこポケモン,11,,44,48,65,50,64,43,67,,44,0.5,9.0
8,カメール,wartortle,かめポケモン,11,,59,63,80,65,80,58,67,,44,1.0,22.5
9,カメックス,blastoise,こうらポケモン,11,,79,83,100,85,105,78,67,,44,1.6,85.5
10,キャタピー,caterpie,いもむしポケモン,7,,45,30,35,20,20,45,19,,50,0.3,2.9
11,トランセル,metapod,さなぎポケモン,7,,50,20,55,25,25,30,61,,,0.7,9.9
12,バタフリー,butterfree,ちょうちょポケモン,7,3,60,45,50,90,80,70,14,,110,1.1,32.0
13,ビードル,weedle,けむしポケモン,7,4,40,35,30,20,20,50,19,,50,0.3,3.2
14,コクーン,kakuna,さなぎポケモン,7,4,45,25,50,25,25,35,61,,,0.6,10.0
15,スピアー,beedrill,どくばちポケモン,7,4,65,90,40,45,80,75,68,,97,1.0,29.5
16,ポッポ,pidgey,ことりポケモン,1,3,40,45,40,35,35,56,51,77,145,0.3,1.8
17,ピジョン,pidgeotto,とりポケモン,1,3,63,60,55,50,50,71,51,77,145,1.1,30.0
18,ピジョット,pidgeot,とりポケモン,1,3,83,80,75,70,70,101,51,77,145,1.5,39.5
19,コラッタ,rattata,ねずみポケモン,1,,30,56,35,25,35,72,50,62,55,0.3,3.5
20,ラッタ,raticate,ねずみポケモン,1,,55,81,60,50,70,97,50,62,55,0.7,18.5
21,オニスズメ,spearow,ことりポケモン,1,3,40,60,30,31,31,70,51,,97,0.3,2.0
22,オニドリル,fearow,くちばしポケモン,1,3,65,90,65,61,61,100,51,,97,1.2,38.0
23,アーボ,ekans,へびポケモン,4,,35,60,44,40,54,55,22,61,127,2.0,6.9
24,アーボック,arbok,コブラポケモン,4,,60,95,69,65,79,80,22,61,127,3.5,65.0
25,ピカチュウ,pikachu,ねずみポケモン,13,,35,55,40,50,50,90,9,,31,0.4,6.0
26,ライチュウ,raichu,ねずみポケモン,13,,60,90,55,90,80,110,9,,31,0.8,30.0
27,サンド,sandshrew,ねずみポケモン,5,,50,75,85,20,30,40,8,,146,0.6,12.0
28,サンドパン,sandslash,ねずみポケモン,5,,75,100,110,45,55,65,8,,146,1.0,29.5
29,ニドラン♀,nidoran-f,どくばりポケモン,4,,55,47,52,40,40,41,38,79,55,0.4,7.0
30,ニドリーナ,nidorina,どくばりポケモン,4,,70,62,67,55,55,56,38,79,55,0.8,20.0
31,ニドクイン,nidoqueen,ドリルポケモン,4,5,90,92,87,75,85,76,38,79,125,1.3,60.0
32,ニドラン♂,nidoran-m,どくばりポケモン,4,,46,57,40,40,40,50,38,79,55,0.5,9.0
33,ニドリーノ,nidorino,どくばりポケモン,4,,61,72,57,55,55,65,38,79,55,0.9,19.5
34,ニドキング,nidoking,ドリルポケモン,4,5,81,102,77,85,75,85,38,79,125,1.4,62.0
35,ピッピ,clefairy,ようせいポケモン,18,,70,45,48,60,65,35,56,98,132,0.6,7.5
36,ピクシー,clefable,ようせいポケモン,18,,95,70,73,95,90,60,56,98,109,1.3,40.0
37,ロコン,vulpix,きつねポケモン,10,,38,41,40,50,65,65,18,,70,0.6,9.9
38,キュウコン,ninetales,きつねポケモン,10,,73,76,75,81,100,100,18,,70,1.1,19.9
39,プリン,jigglypuff,ふうせんポケモン,1,18,115,45,20,45,25,20,56,172,132,0.5,5.5
40,プクリン,wigglytuff,ふうせんポケモン,1,18,140,70,45,85,50,45,56,172,119,1.0,12.0
41,ズバット,zubat,こうもりポケモン,4,3,40,45,35,30,40,55,39,,151,0.8,7.5
42,ゴルバット,golbat,こうもりポケモン,4,3,75,80,70,65,75,90,39,,151,1.6,55.0
43,ナゾノクサ,oddish,ざっそうポケモン,12,4,45,50,55,75,65,30,34,,50,0.5,5.4
44,クサイハナ,gloom,ざっそうポケモン,12,4,60,65,70,85,75,40,34,,1,0.8,8.6
45,ラフレシア,vileplume,フラワーポケモン,12,4,75,80,85,110,90,50,34,,27,1.2,18.6
46,パラス,paras,きのこポケモン,7,12,35,70,55,45,55,25,27,87,6,0.3,5.4
47,パラセクト,parasect,きのこポケモン,7,12,60,95,80,60,80,30,27,87,6,1.0,29.5
48,コンパン,venonat,こんちゅうポケモン,7,4,60,55,50,40,55,45,14,110,50,1.0,30.0
49,モルフォン,venomoth,どくがポケモン,7,4,70,65,60,90,75,90,19,110,147,1.5,12.5
50,ディグダ,diglett,もぐらポケモン,5,,10,55,25,35,45,95,8,71,159,0.2,0.8
51,ダグトリオ,dugtrio,もぐらポケモン,5,,35,100,50,50,70,120,8,71,159,0.7,33.3
52,ニャース,meowth,ばけねこポケモン,1,,40,45,35,40,40,90,53,101,127,0.4,4.2
53,ペルシアン,persian,シャムネコポケモン,1,,65,70,60,65,65,115,7,101,127,1.0,32.0
54,コダック,psyduck,あひるポケモン,11,,50,52,48,65,50,55,6,13,33,0.8,19.6
55,ゴルダック,golduck,あひるポケモン,11,,80,82,78,95,80,85,6,13,33,1.7,76.6
56,マンキー,mankey,ぶたざるポケモン,2,,40,80,35,35,45,70,72,83,128,0.5,28.0
57,オコリザル,primeape,ぶたざるポケモン,2,,65,105,60,60,70,95,72,83,128,1.0,32.0
58,ガーディ,growlithe,こいぬポケモン,10,,55,70,45,70,50,60,22,18,154,0.7,19.0
59,ウインディ,arcanine,でんせつポケモン,10,,90,110,80,100,80,95,22,18,154,1.9,155.0
60,ニョロモ,poliwag,おたまポケモン,11,,40,50,40,40,40,90,11,6,33,0.6,12.4
61,ニョロゾ,poliwhirl,おたまポケモン,11,,65,65,65,50,50,90,11,6,33,1.0,20.0
62,ニョロボン,poliwrath,おたまポケモン,11,2,90,95,95,70,90,70,11,6,33,1.3,54.0
63,ケーシィ,abra,ねんりきポケモン,14,,25,20,15,105,55,90,28,39,98,0.9,19.5
64,ユンゲラー,kadabra,ねんりきポケモン,14,,40,35,30,120,70,105,28,39,98,1.3,56.5
65,フーディン,alakazam,ねんりきポケモン,14,,55,50,45,135,95,120,28,39,98,1.5,48.0
66,ワンリキー,machop,かいりきポケモン,2,,70,80,50,35,35,35,62,99,80,0.8,19.5
67,ゴーリキー,machoke,かいりきポケモン,2,,80,100,70,50,60,45,62,99,80,1.5,70.5
68,カイリキー,machamp,かいりきポケモン,2,,90,130,80,65,85,55,62,99,80,1.6,130.0
69,マダツボミ,bellsprout,フラワーポケモン,12,4,50,75,35,70,30,40,34,,82,0.7,4.0
70,ウツドン,weepinbell,ハエとりポケモン,12,4,65,90,50,85,45,55,34,,82,1.0,6.4
71,ウツボット,victreebel,ハエとりポケモン,12,4,80,105,65,100,70,70,34,,82,1.7,15.5
72,メノクラゲ,tentacool,くらげポケモン,11,4,40,40,35,50,100,70,29,64,44,0.9,45.5
73,ドククラゲ,tentacruel,くらげポケモン,11,4,80,70,65,80,120,100,29,64,44,1.6,55.0
74,イシツブテ,geodude,がんせきポケモン,6,5,40,80,100,30,30,20,69,5,8,0.4,20.0
75,ゴローン,graveler,がんせきポケモン,6,5,55,95,115,45,45,35,69,5,8,1.0,105.0
76,ゴローニャ,golem,メガトンポケモン,6,5,80,120,130,55,65,45,69,5,8,1.4,300.0
77,ポニータ,ponyta,ひのうまポケモン,10,,50,85,55,65,65,90,50,18,49,1.0,30.0
78,ギャロップ,rapidash,ひのうまポケモン,10,,65,100,70,80,80,105,50,18,49,1.7,95.0
79,ヤドン,slowpoke,まぬけポケモン,11,14,90,65,65,40,40,15,12,20,144,1.2,36.0
80,ヤドラン,slowbro,やどかりポケモン,11,14,95,75,110,100,80,30,12,20,144,1.6,78.5
81,コイル,magnemite,じしゃくポケモン,13,9,25,35,70,95,55,45,42,5,148,0.3,6.0
82,レアコイル,magneton,じしゃくポケモン,13,9,50,60,95,120,70,70,42,5,148,1.0,60.0
83,カモネギ,farfetchd,かるがもポケモン,1,3,52,90,55,58,62,60,51,39,128,0.8,15.0
84,ドードー,doduo,ふたごどりポケモン,1,3,35,85,45,35,35,75,50,48,77,1.4,39.2
85,ドードリオ,dodrio,みつごどりポケモン,1,3,60,110,70,60,60,110,50,48,77,1.8,85.2
86,パウワウ,seel,あしかポケモン,11,,65,45,55,45,70,45,47,93,115,1.1,90.0
87,ジュゴン,dewgong,あしかポケモン,11,15,90,70,80,70,95,70,47,93,115,1.7,120.0
88,ベトベター,grimer,ヘドロポケモン,4,,80,80,50,40,50,25,1,60,143,0.9,30.0
89,ベトベトン,muk,ヘドロポケモン,4,,105,105,75,65,100,50,1,60,143,1.2,30.0
90,シェルダー,shellder,２まいがいポケモン,11,,30,65,100,45,25,40,75,92,142,0.3,4.0
91,パルシェン,cloyster,２まいがいポケモン,11,15,50,95,180,85,45,70,75,92,142,1.5,132.5
92,ゴース,gastly,ガスじょうポケモン,8,4,30,35,30,100,35,80,26,,,1.3,0.1
93,ゴースト,haunter,ガスじょうポケモン,8,4,45,50,45,115,55,95,26,,,1.6,0.1
94,ゲンガー,gengar,シャドーポケモン,8,4,60,65,60,130,75,110,130,,,1.5,40.5
95,イワーク,onix,いわへびポケモン,6,5,35,45,160,30,45,70,69,5,133,8.8,210.0
96,スリープ,drowzee,さいみんポケモン,14,,60,48,45,43,90,42,15,108,39,1.0,32.4
97,スリーパー,hypno,さいみんポケモン,14,,85,73,70,73,115,67,15,108,39,1.6,75.6
98,クラブ,krabby,さわがにポケモン,11,,30,105,90,25,25,50,52,75,125,0.4,6.5
99,キングラー,kingler,はさみポケモン,11,,55,130,115,50,50,75,52,75,125,1.3,60.0
100,ビリリダマ,voltorb,ボールポケモン,13,,40,30,50,55,55,100,43,9,106,0.5,10.4
101,マルマイン,electrode,ボールポケモン,13,,60,50,70,80,80,150,43,9,106,1.2,66.6
102,タマタマ,exeggcute,たまごポケモン,12,14,60,40,80,60,45,40,34,,139,0.4,2.5
103,ナッシー,exeggutor,やしのみポケモン,12,14,95,95,85,125,75,55,34,,139,2.0,120.0
104,カラカラ,cubone,こどくポケモン,5,,50,50,95,40,50,35,69,31,4,0.4,6.5
105,ガラガラ,marowak,ほねずきポケモン,5,,60,80,110,50,80,45,69,31,4,1.0,45.0
106,サワムラー,hitmonlee,キックポケモン,2,,50,120,53,35,110,87,7,120,84,1.5,49.8
107,エビワラー,hitmonchan,パンチポケモン,2,,50,105,79,35,110,76,51,89,39,1.4,50.2
108,ベロリンガ,lickitung,なめまわしポケモン,1,,90,55,75,60,75,30,20,12,13,1.2,65.5
109,ドガース,koffing,どくガスポケモン,4,,40,65,95,60,45,35,26,256,1,0.6,1.0
110,マタドガス,weezing,どくガスポケモン,4,,65,90,120,85,70,60,26,256,1,1.2,9.5
111,サイホーン,rhyhorn,とげとげポケモン,5,6,80,85,95,30,30,25,31,69,120,1.0,115.0
112,サイドン,rhydon,ドリルポケモン,5,6,105,130,120,45,45,40,31,69,120,1.9,120.0
113,ラッキー,chansey,たまごポケモン,1,,250,5,5,35,105,50,30,32,131,1.1,34.6
114,モンジャラ,tangela,ツルじょうポケモン,12,,65,55,115,100,40,60,34,102,144,1.0,35.0
115,ガルーラ,kangaskhan,おやこポケモン,1,,105,95,80,40,80,90,48,113,39,2.2,80.0
116,タッツー,horsea,ドラゴンポケモン,11,,30,40,70,70,25,60,33,97,6,0.4,8.0
117,シードラ,seadra,ドラゴンポケモン,11,,55,65,95,95,45,85,38,97,6,1.2,25.0
118,トサキント,goldeen,きんぎょポケモン,11,,45,67,60,35,50,63,33,41,31,0.6,15.0
119,アズマオウ,seaking,きんぎょポケモン,11,,80,92,65,65,80,68,33,41,31,1.3,39.0
120,ヒトデマン,staryu,ほしがたポケモン,11,,30,45,55,70,55,85,35,30,148,0.8,34.5
121,スターミー,starmie,なぞのポケモン,11,14,60,75,85,100,85,115,35,30,148,1.1,80.0
122,バリヤード,mr-mime,バリアーポケモン,14,18,40,45,65,100,120,90,43,111,101,1.3,54.5
123,ストライク,scyther,かまきりポケモン,7,3,70,110,80,55,80,105,68,101,80,1.5,56.0
124,ルージュラ,jynx,ひとがたポケモン,15,14,65,50,35,115,95,95,12,108,87,1.4,40.6
125,エレブー,electabuzz,でんげきポケモン,13,,65,83,57,95,85,105,9,,72,1.1,30.0
126,ブーバー,magmar,ひふきポケモン,10,,65,95,57,100,85,93,49,,72,1.3,44.5
127,カイロス,pinsir,くわがたポケモン,7,,65,125,100,55,70,85,52,104,153,1.5,55.0
128,ケンタロス,tauros,あばれうしポケモン,1,,75,100,95,40,70,110,22,83,125,1.4,88.4
129,コイキング,magikarp,さかなポケモン,11,,20,10,55,15,20,80,33,,155,0.9,10.0
130,ギャラドス,gyarados,きょうあくポケモン,11,3,95,125,79,60,100,81,22,,153,6.5,235.0
131,ラプラス,lapras,のりものポケモン,11,15,130,85,80,85,95,60,11,75,93,2.5,220.0
132,メタモン,ditto,へんしんポケモン,1,,48,48,48,48,48,48,7,,150,0.3,4.0
133,イーブイ,eevee,しんかポケモン,1,,55,55,50,45,65,55,50,91,107,0.3,6.5
134,シャワーズ,vaporeon,あわはきポケモン,11,,130,65,60,110,95,65,11,,93,1.0,29.0
135,サンダース,jolteon,かみなりポケモン,13,,65,65,60,110,95,130,10,,95,0.8,24.5
136,ブースター,flareon,ほのおポケモン,10,,65,130,60,95,110,65,18,,62,0.9,25.0
137,ポリゴン,porygon,バーチャルポケモン,1,,65,60,70,85,75,40,36,88,148,0.8,36.5
138,オムナイト,omanyte,うずまきポケモン,6,11,35,40,100,90,55,35,33,75,133,0.4,7.5
139,オムスター,omastar,うずまきポケモン,6,11,70,60,125,115,70,55,33,75,133,1.0,35.0
140,カブト,kabuto,こうらポケモン,6,11,30,80,90,55,45,55,33,4,133,0.5,11.5
141,カブトプス,kabutops,こうらポケモン,6,11,60,115,105,65,70,80,33,4,133,1.3,40.5
142,プテラ,aerodactyl,かせきポケモン,6,3,80,105,65,60,75,130,69,46,127,1.8,59.0
143,カビゴン,snorlax,いねむりポケモン,1,,160,110,65,65,110,30,17,47,82,2.1,460.0
144,フリーザー,articuno,れいとうポケモン,15,3,90,85,100,95,125,85,46,,81,1.7,55.4
145,サンダー,zapdos,でんげきポケモン,13,3,90,90,85,125,90,100,46,,9,1.6,52.6
146,ファイヤー,moltres,かえんポケモン,10,3,90,100,90,125,85,90,46,,49,2.0,60.0
147,ミニリュウ,dratini,ドラゴンポケモン,16,,41,64,45,50,50,50,61,,63,1.8,3.3
148,ハクリュー,dragonair,ドラゴンポケモン,16,,61,84,65,70,70,70,61,,63,4.0,16.5
149,カイリュー,dragonite,ドラゴンポケモン,16,3,91,134,95,100,100,80,39,,136,2.2,210.0
150,ミュウツー,mewtwo,いでんしポケモン,14,,106,110,90,154,90,130,46,,127,2.0,122.0
151,ミュウ,mew,しんしゅポケモン,14,,100,100,100,100,100,100,28,,,0.4,4.0
152,チコリータ,chikorita,はっぱポケモン,12,,45,49,65,49,65,45,65,,102,0.9,6.4
153,ベイリーフ,bayleef,はっぱポケモン,12,,60,62,80,63,80,60,65,,102,1.2,15.8
154,メガニウム,meganium,ハーブポケモン,12,,80,82,100,83,100,80,65,,102,1.8,100.5
155,ヒノアラシ,cyndaquil,ひねずみポケモン,10,,39,52,43,60,50,65,66,,18,0.5,7.9
156,マグマラシ,quilava,かざんポケモン,10,,58,64,58,80,65,80,66,,18,0.9,19.0
157,バクフーン,typhlosion,かざんポケモン,10,,78,84,78,109,85,100,66,,18,1.7,79.5
158,ワニノコ,totodile,おおあごポケモン,11,,50,65,64,44,48,43,67,,125,0.6,9.5
159,アリゲイツ,croconaw,おおあごポケモン,11,,65,80,80,59,63,58,67,,125,1.1,25.0
160,オーダイル,feraligatr,おおあごポケモン,11,,85,105,100,79,83,78,67,,125,2.3,88.8
161,オタチ,sentret,みはりポケモン,1,,35,46,34,35,45,20,50,51,119,0.8,6.0
162,オオタチ,furret,どうながポケモン,1,,85,76,64,45,55,90,50,51,119,1.8,32.5
163,ホーホー,hoothoot,ふくろうポケモン,1,3,60,30,30,36,56,50,15,51,110,0.7,21.2
164,ヨルノズク,noctowl,ふくろうポケモン,1,3,100,50,50,86,96,70,15,51,110,1.6,40.8
165,レディバ,ledyba,いつつぼしポケモン,7,3,40,20,30,40,80,55,68,48,155,1.0,10.8
166,レディアン,ledian,いつつぼしポケモン,7,3,55,35,50,55,110,85,68,48,89,1.4,35.6
167,イトマル,spinarak,いとはきポケモン,7,4,40,60,40,40,40,30,68,15,97,0.5,8.5
168,アリアドス,ariados,あしながポケモン,7,4,70,90,70,60,70,40,68,15,97,1.1,33.5
169,クロバット,crobat,こうもりポケモン,4,3,85,90,80,70,80,130,39,,151,1.8,75.0
170,チョンチー,chinchou,あんこうポケモン,11,13,75,38,38,56,56,67,10,35,11,0.5,12.0
171,ランターン,lanturn,ライトポケモン,11,13,125,58,58,76,76,67,10,35,11,1.2,22.5
172,ピチュー,pichu,こねずみポケモン,13,,20,40,15,35,35,60,9,,31,0.3,2.0
173,ピィ,cleffa,ほしがたポケモン,18,,50,25,28,45,55,15,56,98,132,0.3,3.0
174,ププリン,igglybuff,ふうせんポケモン,1,18,90,30,15,40,20,15,56,172,132,0.3,1.0
175,トゲピー,togepi,はりたまポケモン,18,,35,20,65,40,65,20,55,32,105,0.3,1.5
176,トゲチック,togetic,しあわせポケモン,18,3,55,40,85,80,105,40,55,32,105,0.6,3.2
177,ネイティ,natu,ことりポケモン,14,3,40,50,45,70,45,70,28,48,156,0.2,2.0
178,ネイティオ,xatu,せいれいポケモン,14,3,65,75,70,95,70,95,28,48,156,1.5,15.0
179,メリープ,mareep,わたげポケモン,13,,55,40,40,65,45,35,9,,57,0.6,7.8
180,モココ,flaaffy,わたげポケモン,13,,70,55,55,80,60,45,9,,57,0.8,13.3
181,デンリュウ,ampharos,ライトポケモン,13,,90,75,85,115,90,55,9,,57,1.4,61.5
182,キレイハナ,bellossom,フラワーポケモン,12,,75,80,95,90,100,50,34,,131,0.4,5.8
183,マリル,marill,みずねずみポケモン,11,18,70,20,50,20,50,40,47,37,157,0.4,8.5
184,マリルリ,azumarill,みずうさぎポケモン,11,18,100,50,80,60,80,50,47,37,157,0.8,28.5
185,ウソッキー,sudowoodo,まねポケモン,6,,70,100,115,30,65,30,5,69,155,1.2,38.0
186,ニョロトノ,politoed,かえるポケモン,11,,90,75,75,90,100,70,11,6,2,1.1,33.9
187,ハネッコ,hoppip,わたくさポケモン,12,3,35,35,40,35,55,50,34,102,151,0.4,0.5
188,ポポッコ,skiploom,わたくさポケモン,12,3,55,45,50,45,65,80,34,102,151,0.6,1.0
189,ワタッコ,jumpluff,わたくさポケモン,12,3,75,55,70,55,95,110,34,102,151,0.8,3.0
190,エイパム,aipom,おながポケモン,1,,55,70,55,40,55,85,50,53,92,0.8,11.5
191,ヒマナッツ,sunkern,たねポケモン,12,,30,30,30,30,30,30,34,94,48,0.3,1.8
192,キマワリ,sunflora,たいようポケモン,12,,75,75,55,105,85,30,34,94,48,0.8,8.5
193,ヤンヤンマ,yanma,うすばねポケモン,7,3,65,65,45,75,45,95,3,14,119,1.2,38.0
194,ウパー,wooper,みずうおポケモン,11,5,55,45,45,25,25,15,6,11,109,0.4,8.5
195,ヌオー,quagsire,みずうおポケモン,11,5,95,85,85,65,65,35,6,11,109,1.4,75.0
196,エーフィ,espeon,たいようポケモン,14,,65,65,60,130,95,110,28,,156,0.9,26.5
197,ブラッキー,umbreon,げっこうポケモン,17,,95,65,110,60,130,65,28,,39,1.0,27.0
198,ヤミカラス,murkrow,くらやみポケモン,17,3,60,85,42,85,42,91,15,105,158,0.5,2.1
199,ヤドキング,slowking,おうじゃポケモン,11,14,95,75,80,100,110,30,12,20,144,2.0,79.5
200,ムウマ,misdreavus,よなきポケモン,8,,60,60,60,85,85,85,26,,,0.7,1.0
201,アンノーン,unown,シンボルポケモン,14,,48,72,48,72,48,48,26,,,0.5,5.0
202,ソーナンス,wobbuffet,がまんポケモン,14,,190,33,58,33,58,33,23,,140,1.3,28.5
203,キリンリキ,girafarig,くびながポケモン,1,14,70,80,65,90,65,85,39,48,157,1.5,41.5
204,クヌギダマ,pineco,みのむしポケモン,7,,50,65,90,35,35,15,5,,142,0.6,7.2
205,フォレトス,forretress,みのむしポケモン,7,9,75,90,140,60,60,40,5,,142,1.2,125.8
206,ノコッチ,dunsparce,つちへびポケモン,1,,100,70,70,65,65,45,32,50,155,1.5,14.0
207,グライガー,gligar,とびさそりポケモン,5,3,65,75,105,35,65,85,52,8,17,1.1,64.8
208,ハガネール,steelix,てつへびポケモン,9,5,75,85,200,55,65,30,69,5,125,9.2,400.0
209,ブルー,snubbull,ようせいポケモン,18,,60,80,50,40,40,30,22,50,155,0.6,7.8
210,グランブル,granbull,ようせいポケモン,18,,90,120,75,60,60,45,22,95,155,1.4,48.7
211,ハリーセン,qwilfish,ふうせんポケモン,11,4,65,95,85,55,55,85,38,33,22,0.5,3.9
212,ハッサム,scizor,はさみポケモン,7,9,70,130,100,55,80,65,68,101,135,1.8,118.0
213,ツボツボ,shuckle,はっこうポケモン,7,6,20,10,230,10,230,5,5,82,126,0.6,20.5
214,ヘラクロス,heracross,１ぽんヅノポケモン,7,2,80,125,75,40,95,85,68,62,153,1.5,54.0
215,ニューラ,sneasel,かぎづめポケモン,17,15,55,95,55,35,75,115,39,51,124,0.9,28.0
216,ヒメグマ,teddiursa,こぐまポケモン,1,,60,80,50,50,50,40,53,95,118,0.6,8.8
217,リングマ,ursaring,とうみんポケモン,1,,90,130,75,75,75,55,62,95,127,1.8,125.8
218,マグマッグ,slugma,ようがんポケモン,10,,40,40,40,70,40,20,40,49,133,0.7,35.0
219,マグカルゴ,magcargo,ようがんポケモン,10,6,60,50,120,90,80,30,40,49,133,0.8,55.0
220,ウリムー,swinub,いのぶたポケモン,15,5,50,50,40,30,30,50,12,81,47,0.4,6.5
221,イノムー,piloswine,いのししポケモン,15,5,100,100,80,60,60,50,12,81,47,1.1,55.8
222,サニーゴ,corsola,さんごポケモン,11,6,65,55,95,65,95,35,55,30,144,0.6,5.0
223,テッポウオ,remoraid,ふんしゃポケモン,11,,35,65,35,65,35,65,55,97,141,0.6,12.0
224,オクタン,octillery,ふんしゃポケモン,11,,75,105,75,105,75,45,21,97,141,0.9,28.5
225,デリバード,delibird,はこびやポケモン,15,3,45,55,45,65,45,75,72,55,15,0.9,16.0
226,マンタイン,mantine,カイトポケモン,11,3,85,40,70,80,140,70,33,11,41,2.1,220.0
227,エアームド,skarmory,よろいどりポケモン,9,3,65,80,140,40,70,70,51,5,133,1.7,50.5
228,デルビル,houndour,ダークポケモン,17,10,45,60,30,80,50,65,48,18,127,0.6,10.8
229,ヘルガー,houndoom,ダークポケモン,17,10,75,90,50,110,80,95,48,18,127,1.4,35.0
230,キングドラ,kingdra,ドラゴンポケモン,11,16,75,95,95,95,95,85,33,97,6,1.8,152.0
231,ゴマゾウ,phanpy,ながはなポケモン,5,,90,60,60,40,40,40,53,,8,0.5,33.5
232,ドンファン,donphan,よろいポケモン,5,,90,120,120,60,60,50,5,,8,1.1,120.0
233,ポリゴン２,porygon2,バーチャルポケモン,1,,85,80,90,105,95,60,36,88,148,0.6,32.5
234,オドシシ,stantler,おおツノポケモン,1,,73,95,62,85,65,85,22,119,157,1.4,71.2
235,ドーブル,smeargle,えかきポケモン,1,,55,20,35,20,45,75,20,101,141,1.2,58.0
236,バルキー,tyrogue,けんかポケモン,2,,35,35,35,35,35,35,62,80,72,0.7,21.0
237,カポエラー,hitmontop,さかだちポケモン,2,,50,95,95,35,110,70,22,101,80,1.4,48.0
238,ムチュール,smoochum,くちづけポケモン,15,14,45,30,15,85,65,65,12,108,93,0.4,6.0
239,エレキッド,elekid,でんきポケモン,13,,45,63,37,65,55,95,9,,72,0.6,23.5
240,ブビィ,magby,ひだねポケモン,10,,45,75,37,70,55,83,49,,72,0.7,21.4
241,ミルタンク,miltank,ちちうしポケモン,1,,95,80,105,40,70,100,47,113,157,1.2,75.5
242,ハピナス,blissey,しあわせポケモン,1,,255,10,10,75,135,55,30,32,131,1.5,46.8
243,ライコウ,raikou,いかずちポケモン,13,,90,85,75,115,100,115,46,,39,1.9,178.0
244,エンテイ,entei,かざんポケモン,10,,115,115,85,90,75,100,46,,39,2.1,198.0
245,スイクン,suicune,オーロラポケモン,11,,100,75,115,90,115,85,46,,39,2.0,187.0
246,ヨーギラス,larvitar,いわはだポケモン,6,5,50,64,50,45,50,41,62,,8,0.6,72.0
247,サナギラス,pupitar,だんがんポケモン,6,5,70,84,70,65,70,51,61,,,1.2,152.0
248,バンギラス,tyranitar,よろいポケモン,6,17,100,134,110,95,100,61,45,,127,2.0,202.0
249,ルギア,lugia,せんすいポケモン,14,3,106,90,130,90,154,110,46,,136,5.2,216.0
250,ホウオウ,ho-oh,にじいろポケモン,10,3,106,130,90,110,154,90,46,,144,3.8,199.0
251,セレビィ,celebi,ときわたりポケモン,14,12,100,100,100,100,100,100,30,,,0.6,5.0
252,キモリ,treecko,もりトカゲポケモン,12,,40,45,35,65,55,70,65,,84,0.5,5.0
253,ジュプトル,grovyle,もりトカゲポケモン,12,,50,65,45,85,65,95,65,,84,0.9,21.6
254,ジュカイン,sceptile,みつりんポケモン,12,,70,85,65,105,85,120,65,,84,1.7,52.2
255,アチャモ,torchic,ひよこポケモン,10,,45,60,40,70,50,45,66,,3,0.4,2.5
256,ワカシャモ,combusken,わかどりポケモン,10,2,60,85,60,85,60,55,66,,3,0.9,19.5
257,バシャーモ,blaziken,もうかポケモン,10,2,80,120,70,110,70,80,66,,3,1.9,52.0
258,ミズゴロウ,mudkip,ぬまうおポケモン,11,,50,70,50,50,50,40,67,,6,0.4,7.6
259,ヌマクロー,marshtomp,ぬまうおポケモン,11,5,70,85,70,60,70,50,67,,6,0.7,28.0
260,ラグラージ,swampert,ぬまうおポケモン,11,5,100,110,90,85,90,60,67,,6,1.5,81.9
261,ポチエナ,poochyena,かみつきポケモン,17,,35,55,35,30,30,35,50,95,155,0.5,13.6
262,グラエナ,mightyena,かみつきポケモン,17,,70,90,70,60,60,70,22,95,153,1.0,37.0
263,ジグザグマ,zigzagoon,まめだぬきポケモン,1,,38,30,41,30,41,60,53,82,95,0.4,17.5
264,マッスグマ,linoone,とっしんポケモン,1,,78,70,61,50,61,100,53,82,95,0.5,32.5
265,ケムッソ,wurmple,いもむしポケモン,7,,45,45,35,20,30,20,19,,50,0.3,3.6
266,カラサリス,silcoon,さなぎポケモン,7,,50,35,55,25,25,15,61,,,0.6,10.0
267,アゲハント,beautifly,ちょうちょポケモン,7,3,60,70,50,100,50,65,68,,79,1.0,28.4
268,マユルド,cascoon,さなぎポケモン,7,,50,35,55,25,25,15,61,,,0.7,11.5
269,ドクケイル,dustox,どくがポケモン,7,4,60,50,70,50,90,65,19,,14,1.2,31.6
270,ハスボー,lotad,うきくさポケモン,11,12,40,30,30,40,50,30,33,44,20,0.5,2.6
271,ハスブレロ,lombre,ようきポケモン,11,12,60,50,50,60,70,50,33,44,20,1.2,32.5
272,ルンパッパ,ludicolo,のうてんきポケモン,11,12,80,70,70,90,100,70,33,44,20,1.5,55.0
273,タネボー,seedot,どんぐりポケモン,12,,40,40,50,30,30,30,34,48,124,0.5,4.0
274,コノハナ,nuzleaf,いじわるポケモン,12,17,70,70,40,60,40,60,34,48,124,1.0,28.0
275,ダーテング,shiftry,よこしまポケモン,12,17,90,100,60,90,60,80,34,48,124,1.3,59.6
276,スバメ,taillow,こツバメポケモン,1,3,40,55,30,30,30,85,62,,113,0.3,2.3
277,オオスバメ,swellow,ツバメポケモン,1,3,60,85,60,75,50,125,62,,113,0.7,19.8
278,キャモメ,wingull,うみねこポケモン,11,3,40,30,30,55,30,85,51,93,44,0.6,9.5
279,ペリッパー,pelipper,みずどりポケモン,11,3,60,50,100,95,70,65,51,2,44,1.2,28.0
280,ラルトス,ralts,きもちポケモン,14,18,28,25,25,45,35,40,28,36,140,0.4,6.6
281,キルリア,kirlia,かんじょうポケモン,14,18,38,35,35,65,55,50,28,36,140,0.8,20.2
282,サーナイト,gardevoir,ほうようポケモン,14,18,68,65,65,125,115,80,28,36,140,1.6,48.4
283,アメタマ,surskit,あめんぼポケモン,7,11,40,30,32,50,52,65,33,,44,0.5,1.7
284,アメモース,masquerain,めだまポケモン,7,3,70,60,62,100,82,80,22,,127,0.8,3.6
285,キノココ,shroomish,きのこポケモン,12,,60,40,60,40,60,35,27,90,95,0.4,4.5
286,キノガッサ,breloom,きのこポケモン,12,2,60,130,80,60,60,70,27,90,101,1.2,39.2
287,ナマケロ,slakoth,なまけものポケモン,1,,60,60,60,35,35,30,54,,,0.8,24.0
288,ヤルキモノ,vigoroth,あばれザルポケモン,1,,80,80,80,55,55,90,72,,,1.4,46.5
289,ケッキング,slaking,ものぐさポケモン,1,,150,160,100,95,65,100,54,,,2.0,130.5
290,ツチニン,nincada,したづみポケモン,7,5,31,45,90,30,30,40,14,,50,0.5,5.5
291,テッカニン,ninjask,しのびポケモン,7,3,61,90,45,50,50,160,3,,151,0.8,12.0
292,ヌケニン,shedinja,ぬけがらポケモン,7,8,1,90,45,30,30,40,25,,,0.8,1.2
293,ゴニョニョ,whismur,ささやきポケモン,1,,64,51,23,51,23,28,43,,155,0.6,16.3
294,ドゴーム,loudred,おおごえポケモン,1,,84,71,43,71,43,48,43,,113,1.0,40.5
295,バクオング,exploud,そうおんポケモン,1,,104,91,63,91,73,68,43,,113,1.5,84.0
296,マクノシタ,makuhita,こんじょうポケモン,2,,72,60,30,20,30,25,47,62,125,1.0,86.4
297,ハリテヤマ,hariyama,つっぱりポケモン,2,,144,120,60,40,60,50,47,62,125,2.3,253.8
298,ルリリ,azurill,みずたまポケモン,1,18,50,20,40,20,40,20,47,37,157,0.2,2.0
299,ノズパス,nosepass,コンパスポケモン,6,,30,45,135,45,90,30,5,42,159,1.0,97.0
300,エネコ,skitty,こねこポケモン,1,,50,45,45,35,35,50,56,96,147,0.6,11.0
301,エネコロロ,delcatty,おすましポケモン,1,,70,65,65,55,55,90,56,96,147,1.1,32.6
302,ヤミラミ,sableye,くらやみポケモン,17,8,50,75,75,65,65,50,51,100,158,0.5,11.0
303,クチート,mawile,あざむきポケモン,9,18,50,85,85,55,55,50,52,22,125,0.6,11.5
304,ココドラ,aron,てつヨロイポケモン,9,6,50,70,100,40,40,30,5,69,134,0.4,60.0
305,コドラ,lairon,てつヨロイポケモン,9,6,60,90,140,50,50,40,5,69,134,0.9,120.0
306,ボスゴドラ,aggron,てつヨロイポケモン,9,6,70,110,180,60,60,50,5,69,134,2.1,360.0
307,アサナン,meditite,めいそうポケモン,2,14,30,40,55,40,55,60,74,,140,0.6,11.2
308,チャーレム,medicham,めいそうポケモン,2,14,60,60,75,60,75,80,74,,140,1.3,31.5
309,ラクライ,electrike,いなずまポケモン,13,,40,45,40,65,40,65,9,31,58,0.6,15.2
310,ライボルト,manectric,ほうでんポケモン,13,,70,75,60,105,60,105,9,31,58,1.5,40.2
311,プラスル,plusle,おうえんポケモン,13,,60,50,40,85,75,95,57,,31,0.4,4.2
312,マイナン,minun,おうえんポケモン,13,,60,40,50,75,85,95,58,,10,0.4,4.2
313,バルビート,volbeat,ほたるポケモン,7,,65,73,75,47,85,85,35,68,158,0.7,17.7
314,イルミーゼ,illumise,ほたるポケモン,7,,65,47,75,73,85,85,12,110,158,0.6,17.7
315,ロゼリア,roselia,いばらポケモン,12,4,50,60,45,100,80,65,30,38,102,0.3,2.0
316,ゴクリン,gulpin,いぶくろポケモン,4,,70,43,53,43,53,40,64,60,82,0.4,10.3
317,マルノーム,swalot,どくぶくろポケモン,4,,100,73,83,73,83,55,64,60,82,1.7,80.0
318,キバニア,carvanha,どうもうポケモン,11,17,45,90,20,65,20,65,24,,3,0.8,20.8
319,サメハダー,sharpedo,きょうぼうポケモン,11,17,70,120,40,95,40,95,24,,3,1.8,88.8
320,ホエルコ,wailmer,たまくじらポケモン,11,,130,70,35,70,35,60,41,12,46,2.0,130.0
321,ホエルオー,wailord,うきくじらポケモン,11,,170,90,45,90,45,60,41,12,46,14.5,398.0
322,ドンメル,numel,どんかんポケモン,10,5,60,60,40,65,45,35,12,86,20,0.7,24.0
323,バクーダ,camerupt,ふんかポケモン,10,5,70,100,70,105,75,40,40,116,83,1.9,220.0
324,コータス,torkoal,せきたんポケモン,10,,70,85,140,85,70,20,73,70,75,0.5,80.4
325,バネブー,spoink,とびはねポケモン,14,,60,25,35,70,80,60,47,20,82,0.7,30.6
326,ブーピッグ,grumpig,あやつりポケモン,14,,80,45,65,90,110,80,47,20,82,0.9,71.5
327,パッチール,spinda,ぶちパンダポケモン,1,,60,60,60,60,60,60,20,77,126,1.1,5.0
328,ナックラー,trapinch,ありじごくポケモン,5,,45,100,45,45,45,10,52,71,125,0.7,15.0
329,ビブラーバ,vibrava,しんどうポケモン,5,16,50,70,50,50,50,70,26,,,1.1,15.3
330,フライゴン,flygon,せいれいポケモン,5,16,80,100,80,80,80,100,26,,,2.0,82.0
331,サボネア,cacnea,サボテンポケモン,12,,50,85,40,85,40,35,8,,11,0.4,51.3
332,ノクタス,cacturne,カカシぐさポケモン,12,17,70,115,60,115,60,55,8,,11,1.3,77.4
333,チルット,swablu,わたどりポケモン,1,3,45,40,60,40,75,50,30,,13,0.4,1.2
334,チルタリス,altaria,ハミングポケモン,16,3,75,70,90,70,105,80,30,,13,1.1,20.6
335,ザングース,zangoose,ネコイタチポケモン,1,,73,115,60,60,60,90,17,,137,1.3,40.3
336,ハブネーク,seviper,キバへびポケモン,4,,73,100,60,100,60,65,61,,151,2.7,52.5
337,ルナトーン,lunatone,いんせきポケモン,6,14,90,55,65,95,85,70,26,,,1.0,168.0
338,ソルロック,solrock,いんせきポケモン,6,14,90,95,85,55,65,70,26,,,1.2,154.0
339,ドジョッチ,barboach,ひげうおポケモン,11,5,50,48,43,46,41,60,12,107,93,0.4,1.9
340,ナマズン,whiscash,ひげうおポケモン,11,5,110,78,73,76,71,60,12,107,93,0.9,23.6
341,ヘイガニ,corphish,ごろつきポケモン,11,,43,80,65,50,35,35,52,75,91,0.6,11.5
342,シザリガー,crawdaunt,ならずものポケモン,11,17,63,120,85,90,55,55,52,75,91,1.1,32.8
343,ヤジロン,baltoy,どぐうポケモン,5,14,40,40,55,40,70,55,26,,,0.5,21.5
344,ネンドール,claydol,どぐうポケモン,5,14,60,70,105,70,120,75,26,,,1.5,108.0
345,リリーラ,lileep,ウミユリポケモン,6,12,66,41,77,61,87,23,21,,114,1.0,23.8
346,ユレイドル,cradily,いわつぼポケモン,6,12,86,81,97,81,107,43,21,,114,1.5,60.4
347,アノプス,anorith,むかしエビポケモン,6,7,45,95,50,40,50,75,4,,33,0.7,12.5
348,アーマルド,armaldo,かっちゅうポケモン,6,7,75,125,100,70,80,45,4,,33,1.5,68.2
349,ヒンバス,feebas,さかなポケモン,11,,20,15,20,10,55,80,33,12,91,0.6,7.4
350,ミロカロス,milotic,いつくしみポケモン,11,,95,60,79,100,125,81,63,172,56,6.2,162.0
351,ポワルン,castform,てんきポケモン,1,,70,70,70,70,70,70,59,,,0.3,0.8
352,カクレオン,kecleon,いろへんげポケモン,1,,60,90,70,60,120,40,16,,168,1.0,22.0
353,カゲボウズ,shuppet,にんぎょうポケモン,8,,44,75,35,63,33,45,15,119,130,0.6,2.3
354,ジュペッタ,banette,ぬいぐるみポケモン,8,,64,115,65,83,63,65,15,119,130,1.1,12.5
355,ヨマワル,duskull,おむかえポケモン,8,,20,40,90,30,90,25,26,,119,0.8,15.0
356,サマヨール,dusclops,てまねきポケモン,8,,40,70,130,60,130,25,46,,119,1.6,30.6
357,トロピウス,tropius,フルーツポケモン,12,3,99,68,83,72,87,51,34,94,139,2.0,100.0
358,チリーン,chimecho,ふうりんポケモン,14,,75,50,80,95,90,65,26,,,0.6,1.0
359,アブソル,absol,わざわいポケモン,17,,65,130,60,75,60,75,46,105,154,1.2,47.0
360,ソーナノ,wynaut,ほがらかポケモン,14,,95,23,48,23,48,23,23,,140,0.6,14.0
361,ユキワラシ,snorunt,ゆきかさポケモン,15,,50,50,50,50,50,50,39,115,141,0.7,16.8
362,オニゴーリ,glalie,がんめんポケモン,15,,80,80,80,80,80,80,39,115,141,1.5,256.5
363,タマザラシ,spheal,てたたきポケモン,15,11,70,40,50,55,50,25,47,115,12,0.8,39.5
364,トドグラー,sealeo,たままわしポケモン,15,11,90,60,70,75,70,45,47,115,12,1.1,87.6
365,トドゼルガ,walrein,こおりわりポケモン,15,11,110,80,90,95,90,65,47,115,12,1.4,150.6
366,パールル,clamperl,２まいがいポケモン,11,,35,64,85,74,55,32,75,,155,0.4,52.5
367,ハンテール,huntail,しんかいポケモン,11,,55,104,105,94,75,52,33,,41,1.7,27.0
368,サクラビス,gorebyss,なんかいポケモン,11,,55,84,105,114,75,52,33,,93,1.8,22.6
369,ジーランス,relicanth,ちょうじゅポケモン,11,6,100,90,130,45,65,55,33,69,5,1.0,23.4
370,ラブカス,luvdisc,ランデブーポケモン,11,,43,30,55,40,65,97,33,,93,0.6,8.7
371,タツベイ,bagon,いしあたまポケモン,16,,45,75,60,40,30,50,69,,125,0.6,42.1
372,コモルー,shelgon,にんたいポケモン,16,,65,95,100,60,50,50,69,,142,1.1,110.5
373,ボーマンダ,salamence,ドラゴンポケモン,16,3,95,135,80,110,80,100,22,,153,1.5,102.6
374,ダンバル,beldum,てっきゅうポケモン,9,14,40,55,80,35,60,30,29,,135,0.6,95.2
375,メタング,metang,てつツメポケモン,9,14,60,75,100,55,80,50,29,,135,1.2,202.5
376,メタグロス,metagross,てつあしポケモン,9,14,80,135,130,95,90,70,29,,135,1.6,550.0
377,レジロック,regirock,いわやまポケモン,6,,80,100,200,50,100,50,29,,5,1.7,230.0
378,レジアイス,regice,ひょうざんポケモン,15,,80,50,100,100,200,50,29,,115,1.8,175.0
379,レジスチル,registeel,くろがねポケモン,9,,80,75,150,75,150,50,29,,135,1.9,205.0
380,ラティアス,latias,むげんポケモン,16,14,80,80,90,110,130,110,26,,,1.4,40.0
381,ラティオス,latios,むげんポケモン,16,14,80,90,80,130,110,110,26,,,2.0,60.0
382,カイオーガ,kyogre,かいていポケモン,11,,100,100,90,150,140,90,2,,,4.5,352.0
383,グラードン,groudon,たいりくポケモン,5,,100,150,140,100,90,90,70,,,3.5,950.0
384,レックウザ,rayquaza,てんくうポケモン,16,3,105,150,90,150,90,95,76,,,7.0,206.5
385,ジラーチ,jirachi,ねがいごとポケモン,9,14,100,100,100,100,100,100,32,,,0.3,1.1
386,デオキシス,deoxys-normal,ＤＮＡポケモン,14,,50,150,50,150,50,150,46,,,1.7,60.8
387,ナエトル,turtwig,わかばポケモン,12,,55,68,64,45,55,31,65,,75,0.4,10.2
388,ハヤシガメ,grotle,こだちポケモン,12,,75,89,85,55,65,36,65,,75,1.1,97.0
389,ドダイトス,torterra,たいりくポケモン,12,5,95,109,105,75,85,56,65,,75,2.2,310.0
390,ヒコザル,chimchar,こざるポケモン,10,,44,58,44,58,44,61,66,,89,0.5,6.2
391,モウカザル,monferno,やんちゃポケモン,10,2,64,78,52,78,52,81,66,,89,0.9,22.0
392,ゴウカザル,infernape,かえんポケモン,10,2,76,104,71,104,71,108,66,,89,1.2,55.0
393,ポッチャマ,piplup,ペンギンポケモン,11,,53,51,53,61,56,40,67,,128,0.4,5.2
394,ポッタイシ,prinplup,ペンギンポケモン,11,,64,66,68,81,76,50,67,,128,0.8,23.0
395,エンペルト,empoleon,こうていポケモン,11,9,84,86,88,111,101,60,67,,128,1.7,84.5
396,ムックル,starly,むくどりポケモン,1,3,40,55,30,30,30,60,51,,120,0.3,2.0
397,ムクバード,staravia,むくどりポケモン,1,3,55,75,50,40,40,80,22,,120,0.6,15.5
398,ムクホーク,staraptor,もうきんポケモン,1,3,85,120,70,50,60,100,22,,120,1.2,24.9
399,ビッパ,bidoof,まるねずみポケモン,1,,59,45,40,35,40,31,86,109,141,0.5,20.0
400,ビーダル,bibarel,ビーバーポケモン,1,11,79,85,60,55,60,71,86,109,141,1.0,31.5
401,コロボーシ,kricketot,こおろぎポケモン,7,,37,25,41,25,41,25,61,,50,0.3,2.2
402,コロトック,kricketune,こおろぎポケモン,7,,77,85,51,55,51,65,68,,101,1.0,25.5
403,コリンク,shinx,せんこうポケモン,13,,45,65,34,40,34,45,79,22,62,0.5,9.5
404,ルクシオ,luxio,でんこうポケモン,13,,60,85,49,60,49,60,79,22,62,0.9,30.5
405,レントラー,luxray,がんこうポケモン,13,,80,120,79,95,79,70,79,22,62,1.4,42.0
406,スボミー,budew,つぼみポケモン,12,4,40,30,35,50,70,55,30,38,102,0.2,1.2
407,ロズレイド,roserade,ブーケポケモン,12,4,60,70,65,125,105,90,30,38,101,0.9,14.5
408,ズガイドス,cranidos,ずつきポケモン,6,,67,125,40,30,30,58,104,,125,0.9,31.5
409,ラムパルド,rampardos,ずつきポケモン,6,,97,165,60,65,50,58,104,,125,1.6,102.5
410,タテトプス,shieldon,シールドポケモン,6,9,30,42,118,42,88,30,5,,43,0.5,57.0
411,トリデプス,bastiodon,シールドポケモン,6,9,60,52,168,47,138,30,5,,43,1.3,149.5
412,ミノムッチ,burmy,みのむしポケモン,7,,40,29,45,29,45,36,61,,142,0.2,3.4
413,ミノマダム,wormadam-plant,みのむしポケモン,7,12,60,59,85,79,105,36,107,,142,0.5,6.5
414,ガーメイル,mothim,ミノガポケモン,7,3,70,94,50,94,50,66,68,,110,0.9,23.3
415,ミツハニー,combee,はちのこポケモン,7,3,30,30,42,30,42,70,118,,55,0.3,5.5
416,ビークイン,vespiquen,はちのすポケモン,7,3,70,80,102,80,102,40,46,,127,1.2,38.5
417,パチリス,pachirisu,でんきりすポケモン,13,,60,45,70,45,90,95,50,53,10,0.4,3.9
418,ブイゼル,buizel,うみイタチポケモン,11,,55,65,35,60,30,85,33,,41,0.7,29.5
419,フローゼル,floatzel,うみイタチポケモン,11,,85,105,55,85,50,115,33,,41,1.1,33.5
420,チェリンボ,cherubi,さくらんぼポケモン,12,,45,35,45,62,53,35,34,,,0.4,3.3
421,チェリム,cherrim,サクラポケモン,12,,70,60,70,87,78,85,122,,,0.5,9.3
422,カラナクシ,shellos,ウミウシポケモン,11,,76,48,48,57,62,34,60,114,159,0.3,6.3
423,トリトドン,gastrodon,ウミウシポケモン,11,5,111,83,68,92,82,39,60,114,159,0.9,29.9
424,エテボース,ambipom,おながポケモン,1,,75,100,66,60,66,115,101,53,92,1.2,20.3
425,フワンテ,drifloon,ふうせんポケモン,8,3,90,50,34,60,44,70,106,84,138,0.4,1.2
426,フワライド,drifblim,ききゅうポケモン,8,3,150,80,44,90,54,80,106,84,138,1.2,15.0
427,ミミロル,buneary,うさぎポケモン,1,,55,66,44,44,56,85,50,103,7,0.4,5.5
428,ミミロップ,lopunny,うさぎポケモン,1,,65,76,84,54,96,105,56,103,7,1.2,33.3
429,ムウマージ,mismagius,マジカルポケモン,8,,60,60,60,105,105,105,26,,,0.9,4.4
430,ドンカラス,honchkrow,おおボスポケモン,17,3,100,125,52,105,52,71,15,105,153,0.9,27.3
431,ニャルマー,glameow,ねこかぶりポケモン,1,,49,55,42,42,37,85,7,20,51,0.5,3.9
432,ブニャット,purugly,とらねこポケモン,1,,71,82,64,64,59,112,47,20,128,1.0,43.8
433,リーシャン,chingling,すずポケモン,14,,45,30,50,65,50,45,26,,,0.2,0.6
434,スカンプー,stunky,スカンクポケモン,4,17,63,63,47,41,41,74,1,106,51,0.4,19.2
435,スカタンク,skuntank,スカンクポケモン,4,17,103,93,67,71,61,84,1,106,51,1.0,38.0
436,ドーミラー,bronzor,せいどうポケモン,9,14,57,24,86,24,86,23,26,85,134,0.5,60.5
437,ドータクン,bronzong,どうたくポケモン,9,14,67,89,116,79,116,33,26,85,134,1.3,187.0
438,ウソハチ,bonsly,ぼんさいポケモン,6,,50,80,95,10,45,10,5,69,155,0.5,15.0
439,マネネ,mime-jr,マイムポケモン,14,18,20,25,45,70,90,60,43,111,101,0.6,13.0
440,ピンプク,happiny,ままごとポケモン,1,,100,5,5,15,65,30,30,32,132,0.6,24.4
441,ペラップ,chatot,おんぷポケモン,1,3,76,65,45,92,42,91,51,77,145,0.5,1.9
442,ミカルゲ,spiritomb,ふういんポケモン,8,17,50,92,108,92,108,35,46,,151,1.0,108.0
443,フカマル,gible,りくザメポケモン,16,5,58,70,45,40,45,42,8,,24,0.7,20.5
444,ガバイト,gabite,ほらあなポケモン,16,5,68,90,65,50,55,82,8,,24,1.4,56.0
445,ガブリアス,garchomp,マッハポケモン,16,5,108,130,95,80,85,102,8,,24,1.9,95.0
446,ゴンベ,munchlax,おおぐいポケモン,1,,135,85,40,40,85,5,53,47,82,0.6,105.0
447,リオル,riolu,はもんポケモン,2,,40,70,40,35,40,60,80,39,158,0.7,20.2
448,ルカリオ,lucario,はどうポケモン,2,9,70,110,70,115,70,90,80,39,154,1.2,54.0
449,ヒポポタス,hippopotas,カバポケモン,5,,68,72,78,38,42,32,45,,159,0.8,49.5
450,カバルドン,hippowdon,じゅうりょうポケモン,5,,108,112,118,68,72,47,45,,159,2.0,300.0
451,スコルピ,skorupi,さそりポケモン,4,7,40,50,90,30,55,65,4,97,51,0.8,12.0
452,ドラピオン,drapion,ばけさそりポケモン,4,17,70,90,110,60,75,95,4,97,51,1.3,61.5
453,グレッグル,croagunk,どくづきポケモン,4,2,48,61,40,61,40,50,107,87,143,0.7,23.0
454,ドクロッグ,toxicroak,どくづきポケモン,4,2,83,106,65,86,65,85,107,87,143,1.3,44.4
455,マスキッパ,carnivine,むしとりポケモン,12,,74,100,72,90,72,46,26,,,1.4,27.0
456,ケイコウオ,finneon,はねうおポケモン,11,,49,49,56,49,61,66,33,114,41,0.4,7.0
457,ネオラント,lumineon,ネオンポケモン,11,,69,69,76,69,86,91,33,114,41,1.2,24.0
458,タマンタ,mantyke,カイトポケモン,11,3,45,20,50,60,120,50,33,11,41,1.0,65.0
459,ユキカブリ,snover,じゅひょうポケモン,12,15,60,62,50,62,60,40,117,,43,1.0,50.5
460,ユキノオー,abomasnow,じゅひょうポケモン,12,15,90,92,75,92,85,60,117,,43,2.2,135.5
461,マニューラ,weavile,かぎづめポケモン,17,15,70,120,65,45,85,125,46,,124,1.1,34.0
462,ジバコイル,magnezone,じばポケモン,13,9,70,70,115,130,90,60,42,5,148,1.2,180.0
463,ベロベルト,lickilicky,なめまわしポケモン,1,,110,85,95,80,95,50,20,12,13,1.7,140.0
464,ドサイドン,rhyperior,ドリルポケモン,5,6,115,140,130,55,55,40,31,116,120,2.4,282.8
465,モジャンボ,tangrowth,ツルじょうポケモン,12,,100,100,125,110,50,50,34,102,144,2.0,128.6
466,エレキブル,electivire,らいでんポケモン,13,,75,123,67,95,85,95,78,,72,1.8,138.6
467,ブーバーン,magmortar,ばくえんポケモン,10,,75,95,67,125,95,83,49,,72,1.6,68.0
468,トゲキッス,togekiss,しゅくふくポケモン,18,3,85,50,95,120,115,80,55,32,105,1.5,38.0
469,メガヤンマ,yanmega,オニトンボポケモン,7,3,86,76,86,116,56,95,3,110,119,1.9,51.5
470,リーフィア,leafeon,しんりょくポケモン,12,,65,110,130,60,65,95,102,,34,1.0,25.5
471,グレイシア,glaceon,しんせつポケモン,15,,65,60,110,130,95,65,81,,115,0.8,25.9
472,グライオン,gliscor,キバさそりポケモン,5,3,75,95,125,45,75,95,52,8,90,2.0,42.5
473,マンムー,mamoswine,２ほんキバポケモン,15,5,110,130,80,70,60,80,12,81,47,2.5,291.0
474,ポリゴンＺ,porygon-z,バーチャルポケモン,1,,85,80,70,135,75,90,91,88,148,0.9,34.0
475,エルレイド,gallade,やいばポケモン,14,2,68,125,65,65,115,80,80,,154,1.6,52.0
476,ダイノーズ,probopass,コンパスポケモン,6,9,60,55,145,75,150,40,5,42,159,1.4,340.0
477,ヨノワール,dusknoir,てづかみポケモン,8,,45,100,135,65,135,45,46,,119,2.2,106.6
478,ユキメノコ,froslass,ゆきぐにポケモン,15,8,70,80,70,80,70,110,81,,130,1.3,26.6
479,ロトム,rotom,プラズマポケモン,13,8,50,50,77,95,77,91,26,,,0.3,0.3
480,ユクシー,uxie,ちしきポケモン,14,,75,75,130,75,130,95,26,,,0.3,0.3
481,エムリット,mesprit,かんじょうポケモン,14,,80,105,105,105,105,80,26,,,0.3,0.3
482,アグノム,azelf,いしポケモン,14,,75,125,70,125,70,115,26,,,0.3,0.3
483,ディアルガ,dialga,じかんポケモン,9,16,100,120,120,150,100,90,46,,140,5.4,683.0
484,パルキア,palkia,くうかんポケモン,11,16,90,120,100,150,120,100,46,,140,4.2,336.0
485,ヒードラン,heatran,かこうポケモン,10,9,91,90,106,130,106,77,18,,49,1.7,430.0
486,レジギガス,regigigas,きょだいポケモン,1,,110,160,110,80,110,100,112,,,3.7,420.0
487,ギラティナ,giratina-altered,はんこつポケモン,8,16,150,100,120,100,120,90,46,,140,4.5,750.0
488,クレセリア,cresselia,みかづきポケモン,14,,120,70,120,75,130,85,26,,,1.5,85.6
489,フィオネ,phione,かいようポケモン,11,,80,80,80,80,80,80,93,,,0.4,3.1
490,マナフィ,manaphy,かいゆうポケモン,11,,100,100,100,100,100,100,93,,,0.3,1.4
491,ダークライ,darkrai,あんこくポケモン,17,,70,90,90,135,90,125,123,,,1.5,50.5
492,シェイミ,shaymin-land,かんしゃポケモン,12,,100,100,100,100,100,100,30,,,0.2,2.1
493,アルセウス,arceus,そうぞうポケモン,1,,120,120,120,120,120,120,121,,,3.2,320.0
494,ビクティニ,victini,しょうりポケモン,14,10,100,100,100,100,100,100,162,,,0.4,4.0
495,ツタージャ,snivy,くさへびポケモン,12,,45,45,55,45,55,63,65,,126,0.6,8.1
496,ジャノビー,servine,くさへびポケモン,12,,60,60,75,60,75,83,65,,126,0.8,16.0
497,ジャローダ,serperior,ロイヤルポケモン,12,,75,75,95,75,95,113,65,,126,3.3,63.0
498,ポカブ,tepig,ひぶたポケモン,10,,65,63,45,45,45,45,66,,47,0.5,9.9
499,チャオブー,pignite,ひぶたポケモン,10,2,90,93,55,70,55,55,66,,47,1.0,55.5
500,エンブオー,emboar,おおひぶたポケモン,10,2,110,123,65,100,65,65,66,,120,1.6,150.0
501,ミジュマル,oshawott,ラッコポケモン,11,,55,55,45,63,45,45,67,,75,0.5,5.9
502,フタチマル,dewott,しゅぎょうポケモン,11,,75,75,60,83,60,60,67,,75,0.8,24.5
503,ダイケンキ,samurott,かんろくポケモン,11,,95,100,85,108,70,70,67,,75,1.5,94.6
504,ミネズミ,patrat,みはりポケモン,1,,45,55,39,35,39,42,50,51,148,0.5,11.6
505,ミルホッグ,watchog,けいかいポケモン,1,,60,85,69,60,69,77,35,51,148,1.1,27.0
506,ヨーテリー,lillipup,こいぬポケモン,1,,45,60,45,25,45,55,72,53,50,0.4,4.1
507,ハーデリア,herdier,ちゅうけんポケモン,1,,65,80,65,35,65,60,22,146,113,0.9,14.7
508,ムーランド,stoutland,かんだいポケモン,1,,85,110,90,45,90,80,22,146,113,1.2,61.0
509,チョロネコ,purrloin,しょうわるポケモン,17,,41,50,37,50,37,66,7,84,158,0.4,10.1
510,レパルダス,liepard,れいこくポケモン,17,,64,88,50,88,50,106,7,84,158,1.1,37.5
511,ヤナップ,pansage,くさざるポケモン,12,,50,53,48,53,48,64,82,,65,0.6,10.5
512,ヤナッキー,simisage,とげざるポケモン,12,,75,98,63,98,63,101,82,,65,1.1,30.5
513,バオップ,pansear,こうおんポケモン,10,,50,53,48,53,48,64,82,,66,0.6,11.0
514,バオッキー,simisear,ひのこポケモン,10,,75,98,63,98,63,101,82,,66,1.0,28.0
515,ヒヤップ,panpour,みずかけポケモン,11,,50,53,48,53,48,64,82,,67,0.6,13.5
516,ヒヤッキー,simipour,ほうすいポケモン,11,,75,98,63,98,63,101,82,,67,1.0,29.0
517,ムンナ,munna,ゆめくいポケモン,14,,76,25,45,67,55,24,108,28,140,0.6,23.3
518,ムシャーナ,musharna,ゆめうつつポケモン,14,,116,55,85,107,95,29,108,28,140,1.1,60.5
519,マメパト,pidove,こばとポケモン,1,3,50,55,50,36,30,43,145,105,79,0.3,2.1
520,ハトーボー,tranquill,のばとポケモン,1,3,62,77,62,50,42,65,145,105,79,0.6,15.0
521,ケンホロウ,unfezant,プライドポケモン,1,3,80,115,80,65,55,93,145,105,79,1.2,29.0
522,シママ,blitzle,たいでんポケモン,13,,45,60,32,50,32,76,31,78,157,0.8,29.8
523,ゼブライカ,zebstrika,らいでんポケモン,13,,75,100,63,80,63,116,31,78,157,1.6,79.5
524,ダンゴロ,roggenrola,マントルポケモン,6,,55,75,85,25,25,15,5,133,159,0.4,18.0
525,ガントル,boldore,こうせきポケモン,6,,70,105,105,50,40,20,5,133,159,0.9,102.0
526,ギガイアス,gigalith,こうあつポケモン,6,,85,135,130,60,80,25,5,45,159,1.7,260.0
527,コロモリ,woobat,こうもりポケモン,14,3,65,45,43,55,43,72,109,103,86,0.4,2.1
528,ココロモリ,swoobat,きゅうあいポケモン,14,3,67,57,55,77,55,114,109,103,86,0.9,10.5
529,モグリュー,drilbur,もぐらポケモン,5,,60,85,40,30,45,68,146,159,104,0.3,8.5
530,ドリュウズ,excadrill,ちていポケモン,5,9,110,135,60,50,65,88,146,159,104,0.7,40.4
531,タブンネ,audino,ヒヤリングポケモン,1,,103,60,86,60,86,50,131,144,103,1.1,31.0
532,ドッコラー,timburr,きんこつポケモン,2,,75,80,55,25,35,35,62,125,89,0.6,12.5
533,ドテッコツ,gurdurr,きんこつポケモン,2,,85,105,85,40,50,40,62,125,89,1.2,40.0
534,ローブシン,conkeldurr,きんこつポケモン,2,,105,140,95,55,65,45,62,125,89,1.4,87.0
535,オタマロ,tympole,おたまポケモン,11,,50,50,40,50,40,64,33,93,11,0.5,4.5
536,ガマガル,palpitoad,しんどうポケモン,11,5,75,65,55,65,55,69,33,93,11,0.8,17.0
537,ガマゲロゲ,seismitoad,しんどうポケモン,11,5,105,95,75,85,75,74,33,143,11,1.5,62.0
538,ナゲキ,throh,じゅうどうポケモン,2,,120,100,85,30,85,45,62,39,104,1.3,55.5
539,ダゲキ,sawk,からてポケモン,2,,75,125,75,30,75,85,5,39,104,1.4,51.0
540,クルミル,sewaddle,さいほうポケモン,7,12,45,53,70,40,60,42,68,34,142,0.3,2.5
541,クルマユ,swadloon,はごもりポケモン,7,12,55,63,90,50,80,42,102,34,142,0.5,7.3
542,ハハコモリ,leavanny,こそだてポケモン,7,12,75,103,80,70,80,92,68,34,142,1.2,20.5
543,フシデ,venipede,ムカデポケモン,7,4,30,45,59,30,39,57,38,68,3,0.4,5.3
544,ホイーガ,whirlipede,まゆムカデポケモン,7,4,40,55,99,40,79,47,38,68,3,1.2,58.5
545,ペンドラー,scolipede,メガムカデポケモン,7,4,60,100,89,55,69,112,38,68,3,2.5,200.5
546,モンメン,cottonee,わたたまポケモン,12,18,40,27,60,37,50,66,158,151,34,0.3,0.6
547,エルフーン,whimsicott,かぜかくれポケモン,12,18,60,67,85,77,75,116,158,151,34,0.7,6.6
548,チュリネ,petilil,ねっこポケモン,12,,45,35,50,70,50,30,34,20,102,0.5,6.6
549,ドレディア,lilligant,はなかざりポケモン,12,,70,60,75,110,75,90,34,20,102,1.1,16.3
550,バスラオ,basculin-red-striped,らんぼうポケモン,11,,70,92,65,80,55,98,120,91,104,1.0,18.0
551,メグロコ,sandile,さばくワニポケモン,5,17,50,72,35,35,35,65,22,153,83,0.7,15.2
552,ワルビル,krokorok,さばくワニポケモン,5,17,60,82,45,45,45,74,22,153,83,1.0,33.4
553,ワルビアル,krookodile,いかくポケモン,5,17,95,117,80,65,70,92,22,153,83,1.5,96.3
554,ダルマッカ,darumaka,だるまポケモン,10,,70,90,45,15,45,50,55,,39,0.6,37.5
555,ヒヒダルマ,darmanitan-standard,えんじょうポケモン,10,,105,140,55,30,55,95,125,,161,1.3,92.9
556,マラカッチ,maractus,サボテンポケモン,12,,75,86,67,106,67,60,11,34,114,1.0,28.0
557,イシズマイ,dwebble,いしやどポケモン,7,6,50,65,85,35,35,55,5,75,133,0.3,14.5
558,イワパレス,crustle,いわやどポケモン,7,6,70,105,125,65,75,45,5,75,133,1.4,200.0
559,ズルッグ,scraggy,だっぴポケモン,17,2,50,75,70,35,70,48,61,153,22,0.6,11.8
560,ズルズキン,scrafty,あくとうポケモン,17,2,65,90,115,45,115,58,61,153,22,1.1,30.0
561,シンボラー,sigilyph,とりもどきポケモン,14,3,72,58,80,103,80,97,147,98,110,1.4,14.0
562,デスマス,yamask,たましいポケモン,8,,38,30,85,55,65,30,152,,,0.5,1.5
563,デスカーン,cofagrigus,かんおけポケモン,8,,58,50,145,95,105,30,152,,,1.7,76.5
564,プロトーガ,tirtouga,こだいがめポケモン,11,6,54,78,103,53,45,22,116,5,33,0.7,16.5
565,アバゴーラ,carracosta,こだいがめポケモン,11,6,74,108,133,83,65,32,116,5,33,1.2,81.0
566,アーケン,archen,さいこどりポケモン,6,3,55,112,45,74,45,70,129,,,0.5,9.5
567,アーケオス,archeops,さいこどりポケモン,6,3,75,140,65,112,65,110,129,,,1.4,32.0
568,ヤブクロン,trubbish,ゴミぶくろポケモン,4,,50,50,62,40,62,65,1,60,106,0.6,31.0
569,ダストダス,garbodor,ゴミすてばポケモン,4,,80,95,82,60,82,75,1,133,106,1.9,107.3
570,ゾロア,zorua,わるぎつねポケモン,17,,40,65,40,80,40,65,149,,,0.7,12.5
571,ゾロアーク,zoroark,ばけぎつねポケモン,17,,60,105,60,120,60,105,149,,,1.6,81.1
572,チラーミィ,minccino,チンチラポケモン,1,,55,50,40,40,40,75,56,101,92,0.4,5.8
573,チラチーノ,cinccino,スカーフポケモン,1,,75,95,60,65,60,115,56,101,92,0.5,7.5
574,ゴチム,gothita,ぎょうしポケモン,14,,45,30,50,55,65,45,119,172,23,0.4,5.8
575,ゴチミル,gothorita,あやつりポケモン,14,,60,45,70,75,85,55,119,172,23,0.7,18.0
576,ゴチルゼル,gothitelle,てんたいポケモン,14,,70,55,95,95,110,65,119,172,23,1.5,44.0
577,ユニラン,solosis,さいぼうポケモン,14,,45,30,40,105,50,20,142,98,144,0.3,1.0
578,ダブラン,duosion,ぶんかつポケモン,14,,65,40,50,125,60,30,142,98,144,0.6,8.0
579,ランクルス,reuniclus,ぞうふくポケモン,14,,110,65,75,125,85,30,142,98,144,1.0,20.1
580,コアルヒー,ducklett,みずどりポケモン,11,3,62,44,50,44,50,55,51,145,93,0.5,5.5
581,スワンナ,swanna,しらとりポケモン,11,3,75,87,63,87,63,98,51,145,93,1.3,24.2
582,バニプッチ,vanillite,しんせつポケモン,15,,36,50,50,65,60,44,115,81,133,0.4,5.7
583,バニリッチ,vanillish,ひょうせつポケモン,15,,51,65,65,80,75,59,115,81,133,1.1,41.0
584,バイバニラ,vanilluxe,ブリザードポケモン,15,,71,95,85,110,95,79,115,117,133,1.3,57.5
585,シキジカ,deerling,きせつポケモン,1,12,60,60,50,40,50,75,34,157,32,0.6,19.5
586,メブキジカ,sawsbuck,きせつポケモン,1,12,80,100,70,60,70,95,34,157,32,1.9,92.5
587,エモンガ,emolga,モモンガポケモン,13,3,55,75,60,75,60,103,9,,78,0.4,5.0
588,カブルモ,karrablast,かぶりつきポケモン,7,,50,75,45,40,45,60,68,61,99,0.5,5.9
589,シュバルゴ,escavalier,きへいポケモン,7,9,70,135,105,60,105,20,68,75,142,1.0,33.0
590,タマゲタケ,foongus,きのこポケモン,12,4,69,55,45,55,55,15,27,,144,0.2,1.0
591,モロバレル,amoonguss,きのこポケモン,12,4,114,85,70,85,80,30,27,,144,0.6,10.5
592,プルリル,frillish,ふゆうポケモン,11,8,55,40,50,65,85,40,11,130,6,1.2,33.0
593,ブルンゲル,jellicent,ふゆうポケモン,11,8,100,60,70,85,105,60,11,130,6,2.2,135.0
594,ママンボウ,alomomola,かいほうポケモン,11,,165,75,80,40,45,65,131,93,144,1.2,31.6
595,バチュル,joltik,くっつきポケモン,7,13,50,47,50,57,50,65,14,127,68,0.1,0.6
596,デンチュラ,galvantula,でんきグモポケモン,7,13,70,77,60,97,60,108,14,127,68,0.8,14.3
597,テッシード,ferroseed,とげのみポケモン,12,9,44,50,91,24,86,10,160,,,0.6,18.8
598,ナットレイ,ferrothorn,とげだまポケモン,12,9,74,94,131,54,116,20,160,,107,1.0,110.0
599,ギアル,klink,はぐるまポケモン,9,,40,55,70,45,60,30,57,58,29,0.3,21.0
600,ギギアル,klang,はぐるまポケモン,9,,60,80,95,70,85,50,57,58,29,0.6,51.0
601,ギギギアル,klinklang,はぐるまポケモン,9,,60,100,115,70,85,90,57,58,29,0.6,81.0
602,シビシラス,tynamo,でんきうおポケモン,13,,35,55,40,45,40,60,26,,,0.2,0.3
603,シビビール,eelektrik,でんきうおポケモン,13,,65,85,70,75,70,40,26,,,1.2,22.0
604,シビルドン,eelektross,でんきうおポケモン,13,,85,115,80,105,80,50,26,,,2.1,80.5
605,リグレー,elgyem,ブレインポケモン,14,,55,55,55,85,55,30,140,28,148,0.5,9.0
606,オーベム,beheeyem,ブレインポケモン,14,,75,75,75,125,95,40,140,28,148,1.0,34.5
607,ヒトモシ,litwick,ろうそくポケモン,8,10,50,30,55,65,55,20,18,49,151,0.3,3.1
608,ランプラー,lampent,ランプポケモン,8,10,60,40,60,95,60,55,18,49,151,0.6,13.0
609,シャンデラ,chandelure,いざないポケモン,8,10,60,55,90,145,90,80,18,49,151,1.0,34.3
610,キバゴ,axew,キバポケモン,16,,46,87,60,30,40,57,79,104,127,0.6,18.0
611,オノンド,fraxure,あごオノポケモン,16,,66,117,70,40,50,67,79,104,127,1.0,36.0
612,オノノクス,haxorus,あごオノポケモン,16,,76,147,90,60,70,97,79,104,127,1.8,105.5
613,クマシュン,cubchoo,ひょうけつポケモン,15,,55,70,40,60,40,40,81,202,155,0.5,8.5
614,ツンベアー,beartic,とうけつポケモン,15,,95,130,80,70,80,50,81,202,33,2.6,260.0
615,フリージオ,cryogonal,けっしょうポケモン,15,,80,50,50,95,135,105,26,,,1.1,148.0
616,チョボマキ,shelmet,マイマイポケモン,7,,50,40,85,40,65,25,93,75,142,0.4,7.7
617,アギルダー,accelgor,からぬけポケモン,7,,80,70,40,100,60,145,93,60,84,0.8,25.3
618,マッギョ,stunfisk,トラップポケモン,5,13,109,66,84,81,99,32,9,7,8,0.7,11.0
619,コジョフー,mienfoo,ぶじゅつポケモン,2,,45,85,50,55,50,65,39,144,120,0.9,20.0
620,コジョンド,mienshao,ぶじゅつポケモン,2,,65,125,60,95,60,105,39,144,120,1.4,35.5
621,クリムガン,druddigon,ほらあなポケモン,16,,77,120,90,60,90,48,24,125,104,1.6,139.0
622,ゴビット,golett,ゴーレムポケモン,5,8,59,74,50,35,50,35,89,103,99,1.0,92.0
623,ゴルーグ,golurk,ゴーレムポケモン,5,8,89,124,80,55,80,55,89,103,99,2.8,330.0
624,コマタナ,pawniard,はものポケモン,17,9,45,85,70,40,40,60,128,39,46,0.5,10.2
625,キリキザン,bisharp,とうじんポケモン,17,9,65,125,100,60,70,70,128,39,46,1.6,70.0
626,バッフロン,bouffalant,ずつきうしポケモン,1,,95,110,95,40,95,55,120,157,43,1.6,94.6
627,ワシボン,rufflet,ヒナわしポケモン,1,3,70,83,50,37,50,60,51,125,55,0.5,10.5
628,ウォーグル,braviary,ゆうもうポケモン,1,3,100,123,75,57,75,80,51,125,128,1.5,41.0
629,バルチャイ,vullaby,おむつポケモン,17,3,70,55,75,45,65,60,145,142,133,0.5,9.0
630,バルジーナ,mandibuzz,ほねわしポケモン,17,3,110,65,105,55,95,80,145,142,133,1.2,39.5
631,クイタラン,heatmor,アリクイポケモン,10,,85,97,66,105,66,65,82,18,73,1.4,58.0
632,アイアント,durant,てつアリポケモン,7,9,58,109,112,48,48,109,68,55,54,0.3,33.0
633,モノズ,deino,そぼうポケモン,17,16,52,65,50,45,50,38,55,,,0.8,17.3
634,ジヘッド,zweilous,らんぼうポケモン,17,16,72,85,70,65,70,58,55,,,1.4,50.0
635,サザンドラ,hydreigon,きょうぼうポケモン,17,16,92,105,90,125,90,98,26,,,1.8,160.0
636,メラルバ,larvesta,たいまつポケモン,7,10,55,85,55,50,55,60,49,,68,1.1,28.8
637,ウルガモス,volcarona,たいようポケモン,7,10,85,60,65,135,105,100,49,,68,1.6,46.0
638,コバルオン,cobalion,てっしんポケモン,9,2,91,90,129,90,72,108,154,,,2.1,250.0
639,テラキオン,terrakion,がんくつポケモン,6,2,91,129,90,72,90,108,154,,,1.9,260.0
640,ビリジオン,virizion,そうげんポケモン,12,2,91,90,72,90,129,108,154,,,2.0,200.0
641,トルネロス,tornadus-incarnate,せんぷうポケモン,3,,79,115,70,125,80,111,158,,128,1.5,63.0
642,ボルトロス,thundurus-incarnate,らいげきポケモン,13,3,79,115,70,125,80,111,158,,128,1.5,61.0
643,レシラム,reshiram,はくようポケモン,16,10,100,120,100,150,120,90,163,,,3.2,330.0
644,ゼクロム,zekrom,こくいんポケモン,16,13,100,150,120,120,100,90,164,,,2.9,345.0
645,ランドロス,landorus-incarnate,ほうじょうポケモン,5,3,89,125,90,115,80,101,159,,125,1.5,68.0
646,キュレム,kyurem,きょうかいポケモン,16,15,125,130,90,130,90,95,46,,,3.0,325.0
647,ケルディオ,keldeo-ordinary,わかごまポケモン,11,2,91,72,90,129,90,108,154,,,1.4,48.5
648,メロエッタ,meloetta-aria,せんりつポケモン,1,14,100,77,77,128,128,90,32,,,0.6,6.5
649,ゲノセクト,genesect,こせいだいポケモン,7,9,71,120,95,120,95,99,88,,,1.5,82.5
650,ハリマロン,chespin,いがぐりポケモン,12,,56,61,65,48,45,38,65,,171,0.4,9.0
651,ハリボーグ,quilladin,とげよろいポケモン,12,,61,78,95,56,58,57,65,,171,0.7,29.0
652,ブリガロン,chesnaught,とげよろいポケモン,12,2,88,107,122,74,75,64,65,,171,1.6,90.0
653,フォッコ,fennekin,キツネポケモン,10,,40,45,40,62,60,60,66,,170,0.4,9.4
654,テールナー,braixen,キツネポケモン,10,,59,59,58,90,70,73,66,,170,1.0,14.5
655,マフォクシー,delphox,キツネポケモン,10,14,75,69,72,114,100,104,66,,170,1.5,39.0
656,ケロマツ,froakie,あわがえるポケモン,11,,41,56,40,62,44,71,67,,168,0.3,7.0
657,ゲコガシラ,frogadier,あわがえるポケモン,11,,54,63,52,83,56,97,67,,168,0.6,10.9
658,ゲッコウガ,greninja,しのびポケモン,11,17,72,95,67,103,71,122,67,,168,1.5,40.0
659,ホルビー,bunnelby,あなほりポケモン,1,,38,36,38,32,36,57,53,167,37,0.4,5.0
660,ホルード,diggersby,あなほりポケモン,1,5,85,56,77,50,77,78,53,167,37,1.0,42.4
661,ヤヤコマ,fletchling,コマドリポケモン,1,3,45,50,43,40,38,62,145,,177,0.3,1.7
662,ヒノヤコマ,fletchinder,ひのこポケモン,10,3,62,73,55,56,52,84,49,,177,0.7,16.0
663,ファイアロー,talonflame,れっかポケモン,10,3,78,81,71,74,69,126,49,,177,1.2,24.5
664,コフキムシ,scatterbug,こなふきポケモン,7,,38,35,40,27,25,35,19,14,132,0.3,2.5
665,コフーライ,spewpa,こなふきポケモン,7,,45,22,60,27,30,29,61,,132,0.3,8.4
666,ビビヨン,vivillon,りんぷんポケモン,7,3,80,52,50,90,50,89,19,14,132,1.2,17.0
667,シシコ,litleo,わかじしポケモン,10,1,62,50,58,73,54,72,79,127,153,0.6,13.5
668,カエンジシ,pyroar,おうじゃポケモン,10,1,86,68,72,109,66,106,79,127,153,1.5,81.5
669,フラベベ,flabebe,いちりんポケモン,18,,44,38,39,61,79,42,166,,180,0.1,0.1
670,フラエッテ,floette,いちりんポケモン,18,,54,45,47,75,98,52,166,,180,0.2,0.9
671,フラージェス,florges,ガーデンポケモン,18,,78,65,68,112,154,75,166,,180,1.1,10.0
672,メェークル,skiddo,ライドポケモン,12,,66,65,48,62,57,52,157,,179,0.9,31.0
673,ゴーゴート,gogoat,ライドポケモン,12,,123,100,62,97,81,68,157,,179,1.7,91.0
674,ヤンチャム,pancham,やんちゃポケモン,2,,67,82,62,46,48,43,89,104,113,0.6,8.0
675,ゴロンダ,pangoro,こわもてポケモン,2,17,95,124,78,69,71,58,89,104,113,2.1,136.0
676,トリミアン,furfrou,プードルポケモン,1,,75,80,60,65,90,102,169,,,1.2,28.0
677,ニャスパー,espurr,じせいポケモン,14,,62,48,54,63,60,68,51,151,20,0.3,3.5
678,ニャオニクス,meowstic-male,よくせいポケモン,14,,74,48,76,83,81,104,51,151,158,0.6,8.5
679,ヒトツキ,honedge,とうけんポケモン,9,8,45,80,100,35,37,28,99,,,0.8,2.0
680,ニダンギル,doublade,とうけんポケモン,9,8,59,110,150,45,49,35,99,,,0.8,4.5
681,ギルガルド,aegislash-shield,おうけんポケモン,9,8,60,50,140,50,140,60,176,,,1.7,53.0
682,シュシュプ,spritzee,こうすいポケモン,18,,78,52,60,63,65,23,131,,165,0.2,0.5
683,フレフワン,aromatisse,ほうこうポケモン,18,,101,72,72,99,89,29,131,,165,0.8,15.5
684,ペロッパフ,swirlix,わたあめポケモン,18,,62,48,66,59,57,49,175,,84,0.4,3.5
685,ペロリーム,slurpuff,ホイップポケモン,18,,82,80,86,85,75,72,175,,84,0.8,5.0
686,マーイーカ,inkay,かいてんポケモン,17,14,53,54,53,37,46,45,126,21,151,0.4,3.5
687,カラマネロ,malamar,ぎゃくてんポケモン,17,14,86,92,88,68,75,73,126,21,151,1.5,47.0
688,カメテテ,binacle,ふたてポケモン,6,11,42,52,67,39,56,50,181,97,124,0.5,31.0
689,ガメノデス,barbaracle,しゅうごうポケモン,6,11,72,105,115,54,86,68,181,97,124,1.3,96.0
690,クズモー,skrelp,クサモドキポケモン,4,11,50,60,60,60,60,30,38,143,91,0.5,7.3
691,ドラミドロ,dragalge,クサモドキポケモン,4,16,65,75,90,97,123,44,38,143,91,1.8,81.5
692,ウデッポウ,clauncher,みずでっぽうポケモン,11,,50,53,62,58,63,44,178,,,0.5,8.3
693,ブロスター,clawitzer,ランチャーポケモン,11,,71,73,88,120,89,59,178,,,1.3,35.3
694,エリキテル,helioptile,はつでんポケモン,13,1,44,38,33,61,43,70,87,8,94,0.5,6.0
695,エレザード,heliolisk,はつでんポケモン,13,1,62,55,52,109,94,109,87,8,94,1.0,21.0
696,チゴラス,tyrunt,ようくんポケモン,6,16,58,89,77,45,45,48,173,,5,0.8,26.0
697,ガチゴラス,tyrantrum,ぼうくんポケモン,6,16,82,121,119,69,59,71,173,,69,2.5,270.0
698,アマルス,amaura,ツンドラポケモン,6,15,77,59,50,67,63,46,174,,117,1.3,25.2
699,アマルルガ,aurorus,ツンドラポケモン,6,15,123,77,72,99,92,58,174,,117,2.7,225.0
700,ニンフィア,sylveon,むすびつきポケモン,18,,95,65,65,110,130,60,56,,182,1.0,23.5
701,ルチャブル,hawlucha,レスリングポケモン,2,3,78,92,75,74,63,118,7,84,104,0.8,21.5
702,デデンネ,dedenne,アンテナポケモン,13,18,67,58,57,81,67,101,167,53,57,0.2,2.2
703,メレシー,carbink,ほうせきポケモン,6,18,50,50,150,50,150,50,29,,5,0.3,5.7
704,ヌメラ,goomy,なんたいポケモン,16,,45,50,35,55,75,40,157,93,183,0.3,2.8
705,ヌメイル,sliggoo,なんたいポケモン,16,,68,75,53,83,113,60,157,93,183,0.8,17.5
706,ヌメルゴン,goodra,ドラゴンポケモン,16,,90,100,70,110,150,80,157,93,183,2.0,150.5
707,クレッフィ,klefki,かぎたばポケモン,9,18,57,80,91,80,87,75,158,,170,0.2,3.0
708,ボクレー,phantump,きりかぶポケモン,8,12,43,70,48,50,60,38,30,119,139,0.4,7.0
709,オーロット,trevenant,ろうぼくポケモン,8,12,85,110,76,65,82,56,30,119,139,1.5,71.0
710,バケッチャ,pumpkaboo-average,かぼちゃポケモン,8,12,49,66,70,44,55,51,53,119,15,0.4,5.0
711,パンプジン,gourgeist-average,かぼちゃポケモン,8,12,65,90,122,58,75,84,53,119,15,0.9,12.5
712,カチコール,bergmite,ひょうかいポケモン,15,,55,69,85,32,35,28,20,115,5,1.0,99.5
713,クレベース,avalugg,ひょうざんポケモン,15,,95,117,184,44,46,28,20,115,5,2.0,505.0
714,オンバット,noibat,おんぱポケモン,3,16,40,30,35,45,40,55,119,151,140,0.5,8.0
715,オンバーン,noivern,おんぱポケモン,3,16,85,70,80,97,80,123,119,151,140,1.5,85.0
716,ゼルネアス,xerneas,せいめいポケモン,18,,126,131,95,131,98,99,187,,,3.0,215.0
717,イベルタル,yveltal,はかいポケモン,17,3,126,131,95,131,98,99,186,,,5.8,203.0
718,ジガルデ,zygarde-50,ちつじょポケモン,16,5,108,100,121,81,95,95,188,,,5.0,305.0
719,ディアンシー,diancie,ほうせきポケモン,6,18,50,100,150,100,150,50,29,,,0.7,8.8
720,フーパ,hoopa,いたずらポケモン,14,8,80,110,60,150,130,70,170,,,0.5,9.0
721,ボルケニオン,volcanion,スチームポケモン,10,11,80,110,120,130,90,70,11,,,1.7,195.0
722,モクロー,rowlet,くさばねポケモン,12,3,68,55,55,50,50,42,65,,203,0.3,1.5
723,フクスロー,dartrix,はばねポケモン,12,3,78,75,75,70,70,52,65,,203,0.7,16.0
724,ジュナイパー,decidueye,やばねポケモン,12,8,78,107,75,100,100,70,65,,203,1.6,36.6
725,ニャビー,litten,ひねこポケモン,10,,45,65,40,60,40,70,66,,22,0.4,4.3
726,ニャヒート,torracat,ひねこポケモン,10,,65,85,50,80,50,90,66,,22,0.7,25.0
727,ガオガエン,incineroar,ヒールポケモン,10,17,95,115,90,80,90,60,66,,22,1.8,83.0
728,アシマリ,popplio,あしかポケモン,11,,50,54,54,66,56,40,67,,204,0.4,7.5
729,オシャマリ,brionne,アイドルポケモン,11,,60,69,69,91,81,50,67,,204,0.6,17.5
730,アシレーヌ,primarina,ソリストポケモン,11,18,80,74,74,126,116,60,67,,204,1.8,44.0
731,ツツケラ,pikipek,きつつきポケモン,1,3,35,75,30,30,30,65,51,92,53,0.3,1.2
732,ケララッパ,trumbeak,ラッパぐちポケモン,1,3,55,85,50,40,50,75,51,92,53,0.6,14.8
733,ドデカバシ,toucannon,おおづつポケモン,1,3,80,120,75,75,75,60,51,92,125,1.1,26.0
734,ヤングース,yungoos,うろつきポケモン,1,,48,70,30,30,30,45,198,173,91,0.4,6.0
735,デカグース,gumshoos,はりこみポケモン,1,,88,110,60,55,60,45,198,173,91,0.7,14.2
736,アゴジムシ,grubbin,ようちゅうポケモン,7,,47,62,45,55,45,46,68,,,0.4,4.4
737,デンヂムシ,charjabug,バッテリーポケモン,7,13,57,82,95,55,75,36,217,,,0.5,10.5
738,クワガノン,vikavolt,くわがたポケモン,7,13,77,70,90,145,75,43,26,,,1.5,45.0
739,マケンカニ,crabrawler,けんとうポケモン,2,,47,82,57,42,47,63,52,89,83,0.6,7.0
740,ケケンカニ,crabominable,けがにポケモン,2,15,97,132,77,62,67,43,52,89,83,1.7,180.0
741,オドリドリ,oricorio-baile,ダンスポケモン,10,3,75,70,70,98,70,93,216,,,0.6,3.4
742,アブリー,cutiefly,ツリアブポケモン,7,18,40,45,40,55,40,84,118,19,175,0.1,0.2
743,アブリボン,ribombee,ツリアブポケモン,7,18,60,55,60,95,70,124,118,19,175,0.2,0.5
744,イワンコ,rockruff,こいぬポケモン,6,,45,65,40,30,40,60,51,72,80,0.5,9.2
745,ルガルガン,lycanroc-midday,オオカミポケモン,6,,75,115,65,55,65,112,51,146,80,0.8,25.0
746,ヨワシ,wishiwashi-solo,こざかなポケモン,11,,45,20,20,25,25,40,208,,,0.2,0.3
747,ヒドイデ,mareanie,ヒトデナシポケモン,4,11,50,53,62,43,52,45,196,7,144,0.4,8.0
748,ドヒドイデ,toxapex,ヒトデナシポケモン,4,11,50,63,152,53,142,35,196,7,144,0.7,14.5
749,ドロバンコ,mudbray,うさぎうまポケモン,5,,70,100,70,45,55,45,20,192,39,1.0,110.0
750,バンバドロ,mudsdale,ばんばポケモン,5,,100,125,100,55,85,35,20,192,39,2.5,920.0
751,シズクモ,dewpider,すいほうポケモン,11,7,38,40,52,40,72,27,199,,11,0.3,4.0
752,オニシズクモ,araquanid,すいほうポケモン,11,7,68,70,92,50,132,42,199,,11,1.8,82.0
753,カリキリ,fomantis,かまくさポケモン,12,,40,55,35,50,35,35,102,,126,0.3,1.5
754,ラランテス,lurantis,はなかまポケモン,12,,70,105,90,80,90,45,102,,126,0.9,18.5
755,ネマシュ,morelull,はっこうポケモン,12,18,40,35,55,65,75,15,35,27,44,0.2,1.5
756,マシェード,shiinotic,はっこうポケモン,12,18,60,45,80,90,100,30,35,27,44,1.0,11.5
757,ヤトウモリ,salandit,どくトカゲポケモン,4,10,48,44,40,71,40,77,212,,12,0.6,4.8
758,エンニュート,salazzle,どくトカゲポケモン,4,10,68,64,60,111,60,117,212,,12,1.2,22.2
759,ヌイコグマ,stufful,じたばたポケモン,1,2,70,75,50,45,50,50,218,103,56,0.5,6.8
760,キテルグマ,bewear,ごうわんポケモン,1,2,120,125,80,55,60,60,218,103,127,2.1,135.0
761,アマカジ,bounsweet,フルーツポケモン,12,,42,30,38,30,38,32,102,12,175,0.3,3.2
762,アママイコ,steenee,フルーツポケモン,12,,52,40,48,40,48,62,102,12,175,0.7,8.2
763,アマージョ,tsareena,フルーツポケモン,12,,72,120,98,50,98,72,102,214,175,1.2,21.4
764,キュワワー,comfey,はなつみポケモン,18,,51,52,90,82,110,100,166,205,30,0.1,0.3
765,ヤレユータン,oranguru,けんじゃポケモン,1,14,90,60,80,90,110,60,39,140,180,1.5,76.0
766,ナゲツケサル,passimian,れんけいポケモン,2,,100,120,90,40,60,80,222,,128,2.0,82.8
767,コソクムシ,wimpod,そうこうポケモン,7,11,25,35,40,20,30,80,193,,,0.5,12.0
768,グソクムシャ,golisopod,そうこうポケモン,7,11,75,125,140,60,90,40,194,,,2.0,108.0
769,スナバァ,sandygast,すなやまポケモン,8,5,55,55,80,70,45,15,195,,8,0.5,70.0
770,シロデスナ,palossand,すなのしろポケモン,8,5,85,75,110,100,75,35,195,,8,1.3,250.0
771,ナマコブシ,pyukumuku,なまこポケモン,11,,55,60,130,30,130,5,215,,109,0.3,1.2
772,タイプ：ヌル,type-null,じんこうポケモン,1,,95,95,95,95,95,59,4,,,1.9,120.5
773,シルヴァディ,silvally,じんこうポケモン,1,,95,95,95,95,95,95,225,,,2.3,100.5
774,メテノ,minior-red-meteor,ながれぼしポケモン,6,3,60,60,100,60,100,60,197,,,0.3,40.0
775,ネッコアラ,komala,ゆめうつつポケモン,1,,65,115,65,75,95,65,213,,,0.4,19.9
776,バクガメス,turtonator,ばくはつがめポケモン,10,16,60,78,135,91,85,36,75,,,2.0,212.0
777,トゲデマル,togedemaru,まるまりポケモン,13,9,65,98,63,40,73,96,160,31,5,0.3,3.3
778,ミミッキュ,mimikyu-disguised,ばけのかわポケモン,8,18,55,90,80,50,105,96,209,,,0.2,0.7
779,ハギギシリ,bruxish,はぎしりポケモン,11,14,68,105,70,70,70,92,219,173,147,0.9,19.0
780,ジジーロン,drampa,ゆうゆうポケモン,1,16,78,60,85,135,91,36,201,157,13,3.0,185.0
781,ダダリン,dhelmise,もくずポケモン,8,12,70,131,100,86,90,40,200,,,3.9,210.0
782,ジャラコ,jangmo-o,うろこポケモン,16,,45,55,65,45,45,45,171,43,142,0.6,29.7
783,ジャランゴ,hakamo-o,うろこポケモン,16,2,55,75,90,65,70,65,171,43,142,1.2,47.0
784,ジャラランガ,kommo-o,うろこポケモン,16,2,75,110,125,100,105,85,171,43,142,1.6,78.2
785,カプ・コケコ,tapu-koko,とちがみポケモン,13,18,70,115,85,95,75,130,226,,140,1.8,20.5
786,カプ・テテフ,tapu-lele,とちがみポケモン,14,18,70,85,75,130,115,95,227,,140,1.2,18.6
787,カプ・ブルル,tapu-bulu,とちがみポケモン,12,18,70,130,115,85,95,75,229,,140,1.9,45.5
788,カプ・レヒレ,tapu-fini,とちがみポケモン,11,18,70,75,115,95,130,85,228,,140,1.3,21.2
789,コスモッグ,cosmog,せいうんポケモン,14,,43,29,31,29,31,37,109,,,0.2,0.1
790,コスモウム,cosmoem,げんしせいポケモン,14,,43,29,131,29,131,37,5,,,0.1,999.9
791,ソルガレオ,solgaleo,にちりんポケモン,14,9,137,137,107,113,89,97,230,,,3.4,230.0
792,ルナアーラ,lunala,がちりんポケモン,14,8,137,113,89,137,107,97,231,,,4.0,120.0
793,ウツロイド,nihilego,きせいポケモン,6,4,109,53,47,127,131,103,224,,,1.2,55.5
794,マッシブーン,buzzwole,ぼうちょうポケモン,7,2,107,139,139,53,53,79,224,,,2.4,333.6
795,フェローチェ,pheromosa,えんびポケモン,7,2,71,137,37,137,37,151,224,,,1.8,25.0
796,デンジュモク,xurkitree,でんしょくポケモン,13,,83,89,71,173,71,83,224,,,3.8,100.0
797,テッカグヤ,celesteela,うちあげポケモン,9,3,97,101,103,107,101,61,224,,,9.2,999.9
798,カミツルギ,kartana,ばっとうポケモン,12,9,59,181,131,59,31,109,224,,,0.3,0.1
799,アクジキング,guzzlord,あくじきポケモン,17,16,223,101,53,97,53,43,224,,,5.5,888.0
800,ネクロズマ,necrozma,プリズムポケモン,14,,97,107,101,127,89,79,232,,,2.4,230.0
801,マギアナ,magearna,じんぞうポケモン,9,18,80,95,115,130,115,65,220,,,1.0,80.5
802,マーシャドー,marshadow,かげすみポケモン,2,8,90,125,80,90,90,125,101,,,0.7,22.2
803,ベベノム,poipole,どくばりポケモン,4,,67,73,67,73,67,73,224,,,0.6,1.8
804,アーゴヨン,naganadel,どくばりポケモン,4,16,73,73,73,127,73,121,224,,,3.6,150.0
805,ツンデツンデ,stakataka,いしがきポケモン,6,9,61,131,211,53,101,13,224,,,5.5,820.0
806,ズガドーン,blacephalon,はなびポケモン,10,8,53,127,53,151,79,107,224,,,1.8,13.0
807,ゼラオラ,zeraora,じんらいポケモン,13,,88,112,75,102,80,143,10,,,1.5,44.5
808,メルタン,meltan,ナットポケモン,9,,46,65,65,55,35,34,42,,,0.2,8.0
809,メルメタル,melmetal,ナットポケモン,9,,135,143,143,80,65,34,89,,,2.5,800.0
810,サルノリ,grookey,こざるポケモン,12,,50,65,50,40,40,65,65,,229,0.3,5.0
811,バチンキー,thwackey,ビートポケモン,12,,70,85,70,55,60,80,65,,229,0.7,14.0
812,ゴリランダー,rillaboom,ドラマーポケモン,12,,100,125,90,60,70,85,65,,229,2.1,90.0
813,ヒバニー,scorbunny,うさぎポケモン,10,,50,71,40,40,40,69,66,,236,0.3,4.5
814,ラビフット,raboot,うさぎポケモン,10,,65,86,60,55,60,94,66,,236,0.6,9.0
815,エースバーン,cinderace,ストライカーポケモン,10,,80,116,75,65,75,119,66,,236,1.4,33.0
816,メッソン,sobble,みずとかげポケモン,11,,50,40,40,70,40,70,67,,97,0.3,4.0
817,ジメレオン,drizzile,みずとかげポケモン,11,,65,60,55,95,55,90,67,,97,0.7,11.5
818,インテレオン,inteleon,エージェントポケモン,11,,70,85,65,125,65,120,67,,97,1.9,45.2
819,ホシガリス,skwovet,ほおばりポケモン,1,,70,55,55,35,35,25,167,,82,0.3,2.5
820,ヨクバリス,greedent,よくばりポケモン,1,,120,95,95,55,75,20,167,,82,0.6,6.0
821,ココガラ,rookidee,ことりポケモン,3,,38,47,35,33,35,57,51,127,145,0.2,1.8
822,アオガラス,corvisquire,カラスポケモン,3,,68,67,55,43,55,77,51,127,145,0.8,16.0
823,アーマーガア,corviknight,カラスポケモン,3,9,98,87,105,53,85,67,46,127,240,2.2,75.0
824,サッチムシ,blipbug,ようちゅうポケモン,7,,25,20,20,25,45,45,68,14,140,0.4,8.0
825,レドームシ,dottler,レドームポケモン,7,14,50,35,80,50,90,30,68,14,140,0.4,19.5
826,イオルブ,orbeetle,ななほしポケモン,7,14,60,45,110,80,120,90,68,119,140,0.4,40.8
827,クスネ,nickit,きつねポケモン,17,,40,28,28,47,52,50,50,84,198,0.6,8.9
828,フォクスライ,thievul,きつねポケモン,17,,70,58,58,87,92,90,50,84,198,1.2,19.9
829,ヒメンカ,gossifleur,はなかざりポケモン,12,,40,40,60,40,60,10,238,144,27,0.4,2.2
830,ワタシラガ,eldegoss,わたかざりポケモン,12,,60,50,90,80,120,60,238,144,27,0.5,2.5
831,ウールー,wooloo,ひつじポケモン,1,,42,40,55,40,45,48,218,50,171,0.6,6.0
832,バイウールー,dubwool,ひつじポケモン,1,,72,80,100,60,90,88,218,80,171,1.3,43.0
833,カムカメ,chewtle,くいつきポケモン,11,,50,64,50,38,38,44,173,75,33,0.3,8.5
834,カジリガメ,drednaw,かみつきポケモン,11,6,90,115,90,48,68,74,173,75,33,1.0,115.5
835,ワンパチ,yamper,こいぬポケモン,13,,59,45,50,40,50,26,237,,155,0.3,13.5
836,パルスワン,boltund,いぬポケモン,13,,69,90,60,90,60,121,173,,172,1.0,34.0
837,タンドン,rolycoly,せきたんポケモン,6,,30,40,50,40,50,30,243,85,18,0.3,12.0
838,トロッゴン,carkol,せきたんポケモン,6,10,80,60,90,60,70,50,243,49,18,1.1,78.0
839,セキタンザン,coalossal,せきたんポケモン,6,10,110,80,120,80,90,30,243,49,18,2.8,310.5
840,カジッチュ,applin,りんごぐらしポケモン,12,16,40,40,80,40,40,20,247,82,171,0.2,0.5
841,アップリュー,flapple,りんごはねポケモン,12,16,70,110,80,95,60,70,247,82,55,0.3,1.0
842,タルップル,appletun,りんごじるポケモン,12,16,110,85,80,100,80,30,247,82,47,0.4,13.0
843,スナヘビ,silicobra,すなへびポケモン,5,,52,57,75,35,50,46,245,61,8,2.2,7.6
844,サダイジャ,sandaconda,すなへびポケモン,5,,72,107,125,65,70,71,245,61,8,3.8,65.5
845,ウッウ,cramorant,うのみポケモン,3,11,70,85,55,85,95,85,241,,,0.8,18.0
846,サシカマス,arrokuda,とつげきポケモン,11,,41,63,40,40,30,66,33,,239,0.5,1.0
847,カマスジョー,barraskewda,くしざしポケモン,11,,61,123,60,60,50,136,33,,239,1.3,30.0
848,エレズン,toxel,あかごポケモン,13,4,40,38,35,54,35,40,155,9,103,0.4,11.0
849,ストリンダー,toxtricity-amped,パンクポケモン,13,4,75,98,70,114,70,75,244,57,101,1.6,40.0
850,ヤクデ,sizzlipede,はつねつポケモン,10,7,50,65,45,50,50,45,18,73,49,0.7,1.0
851,マルヤクデ,centiskorch,はつねつポケモン,10,7,100,115,65,90,90,65,18,73,49,3.0,120.0
852,タタッコ,clobbopus,だだっこポケモン,2,,50,68,60,50,50,32,7,,101,0.6,4.0
853,オトスパス,grapploct,じゅうじゅつポケモン,2,,80,118,90,70,80,42,7,,101,1.6,39.0
854,ヤバチャ,sinistea,こうちゃポケモン,8,,40,45,45,74,54,50,133,,130,0.1,0.2
855,ポットデス,polteageist,こうちゃポケモン,8,,60,65,65,134,114,70,133,,130,0.2,0.4
856,ミブリム,hatenna,おだやかポケモン,14,,42,30,45,56,53,39,131,107,156,0.4,3.4
857,テブリム,hattrem,せいしゅくポケモン,14,,57,40,65,86,73,49,131,107,156,0.6,4.8
858,ブリムオン,hatterene,せいじゃくポケモン,14,18,57,90,95,136,103,29,131,107,156,2.1,5.1
859,ベロバー,impidimp,いじわるポケモン,17,18,45,45,30,55,40,50,158,119,124,0.4,5.5
860,ギモー,morgrem,しょうわるポケモン,17,18,65,60,45,75,55,70,158,119,124,0.8,12.5
861,オーロンゲ,grimmsnarl,ビルドアップポケモン,17,18,95,120,65,95,75,60,158,119,124,1.5,61.0
862,タチフサグマ,obstagoon,ていしポケモン,17,1,93,90,101,60,81,95,120,62,128,1.6,46.0
863,ニャイキング,perrserker,バイキングポケモン,9,,70,110,100,50,60,50,4,181,252,0.8,28.0
864,サニゴーン,cursola,さんごポケモン,8,,60,95,50,145,130,30,133,,253,1.0,0.4
865,ネギガナイト,sirfetchd,かるがもポケモン,2,,62,135,95,68,82,65,80,,113,0.8,117.0
866,バリコオル,mr-rime,コメディアンポケモン,15,14,80,85,75,110,100,70,77,251,115,1.5,58.2
867,デスバーン,runerigus,おんねんポケモン,5,8,58,95,145,50,105,30,254,,,1.6,66.6
868,マホミル,milcery,クリームポケモン,18,,45,40,40,50,61,34,175,,165,0.2,0.3
869,マホイップ,alcremie,クリームポケモン,18,,65,60,75,110,121,64,175,,165,0.3,0.5
870,タイレーツ,falinks,じんけいポケモン,2,,65,100,100,70,60,75,4,,128,3.0,62.0
871,バチンウニ,pincurchin,うにポケモン,13,,48,101,95,91,85,15,31,,226,0.3,1.0
872,ユキハミ,snom,いもむしポケモン,15,7,30,25,35,45,30,20,19,,246,0.3,3.8
873,モスノウ,frosmoth,こおりがポケモン,15,7,70,65,60,125,90,65,19,,246,1.3,42.0
874,イシヘンジン,stonjourner,きょせきポケモン,6,,100,125,135,20,20,70,249,,,2.5,520.0
875,コオリッポ,eiscue-ice,ペンギンポケモン,15,,75,80,110,65,90,50,248,,,1.4,89.0
876,イエッサン,indeedee-male,かんじょうポケモン,14,1,60,65,55,105,95,95,39,28,227,0.9,28.0
877,モルペコ,morpeko-full-belly,にめんポケモン,13,17,58,95,58,70,58,97,258,,,0.3,3.0
878,ゾウドウ,cufant,どうぞうポケモン,9,,72,80,49,40,49,40,125,,134,1.2,100.0
879,ダイオウドウ,copperajah,どうぞうポケモン,9,,122,130,69,80,69,30,125,,134,3.0,650.0
880,パッチラゴン,dracozolt,かせきポケモン,13,16,90,100,90,80,70,75,10,55,146,1.8,190.0
881,パッチルドン,arctozolt,かせきポケモン,13,15,90,100,90,90,80,55,10,9,202,2.3,150.0
882,ウオノラゴン,dracovish,かせきポケモン,11,16,90,90,100,70,80,75,11,173,146,2.3,215.0
883,ウオチルドン,arctovish,かせきポケモン,11,15,90,90,100,80,90,55,11,115,202,2.0,175.0
884,ジュラルドン,duraludon,ごうきんポケモン,9,16,70,95,115,120,50,85,135,134,242,1.8,40.0
885,ドラメシヤ,dreepy,うらめしポケモン,16,8,28,60,30,40,30,82,29,151,130,0.5,2.0
886,ドロンチ,drakloak,せわやくポケモン,16,8,68,80,50,60,50,102,29,151,130,1.4,11.0
887,ドラパルト,dragapult,ステルスポケモン,16,8,88,120,75,100,75,142,29,151,130,3.0,50.0
888,ザシアン,zacian,つわものポケモン,18,,92,130,115,80,115,138,234,,,2.8,110.0
889,ザマゼンタ,zamazenta,つわものポケモン,2,,92,130,115,80,115,138,235,,,2.9,210.0
890,ムゲンダイナ,eternatus,キョダイポケモン,4,16,140,85,95,145,95,130,46,,,20.0,950.0
891,ダクマ,kubfu,けんぽうポケモン,2,,60,90,60,53,50,72,39,,,0.6,12.0
892,ウーラオス,urshifu-single-strike,けんぽうポケモン,2,17,100,130,100,63,60,97,260,,,1.9,105.0
893,ザルード,zarude,わるざるポケモン,17,12,105,120,105,70,95,105,102,,,1.8,70.0
894,レジエレキ,regieleki,エレクトロンポケモン,13,,80,100,50,100,50,200,262,,,1.2,145.0
895,レジドラゴ,regidrago,りゅうぎょくポケモン,16,,200,100,50,100,50,80,263,,,2.1,200.0
896,ブリザポス,glastrier,あばれうまポケモン,15,,100,145,130,65,110,30,264,,,2.2,800.0
897,レイスポス,spectrier,しゅんばポケモン,8,,100,65,60,145,80,130,265,,,2.0,44.5
898,バドレックス,calyrex,キングポケモン,14,12,100,80,80,80,80,80,127,,,1.1,7.7
899,アヤシシ,wyrdeer,おおツノポケモン,1,14,103,105,72,105,75,65,22,119,157,1.8,95.1
900,バサギリ,kleavor,まさかりポケモン,7,6,70,135,95,45,70,85,68,125,80,1.8,89.0
901,ガチグマ,ursaluna,でいたんポケモン,5,1,130,140,105,45,80,50,62,171,127,2.4,290.0
902,イダイトウ,basculegion-male,おおうおポケモン,11,8,120,112,65,80,75,78,155,91,104,3.0,110.0
903,オオニューラ,sneasler,クライミングポケモン,2,4,80,130,60,40,80,120,46,,143,1.3,43.0
904,ハリーマン,overqwil,けんざんポケモン,17,4,85,115,95,65,65,85,38,33,22,2.5,60.5
905,ラブトロス,enamorus-incarnate,あいぞうポケモン,18,3,74,115,70,135,80,106,131,,126,1.6,48.0
10001,デオキシス,deoxys-attack,ＤＮＡポケモン,14,,50,180,20,180,20,150,46,,,1.7,60.8
10002,デオキシス,deoxys-defense,ＤＮＡポケモン,14,,50,70,160,70,160,90,46,,,1.7,60.8
10003,デオキシス,deoxys-speed,ＤＮＡポケモン,14,,50,95,90,95,90,180,46,,,1.7,60.8
10004,ミノマダム,wormadam-sandy,みのむしポケモン,7,5,60,79,105,59,85,36,107,,142,0.5,6.5
10005,ミノマダム,wormadam-trash,みのむしポケモン,7,9,60,69,95,69,95,36,107,,142,0.5,6.5
10006,シェイミ,shaymin-sky,かんしゃポケモン,12,3,100,103,75,120,75,127,32,,,0.4,5.2
10007,ギラティナ,giratina-origin,はんこつポケモン,8,16,150,120,100,120,100,90,26,,,6.9,650.0
10008,ロトム,rotom-heat,プラズマポケモン,13,10,50,65,107,105,107,86,26,,,0.3,0.3
10009,ロトム,rotom-wash,プラズマポケモン,13,11,50,65,107,105,107,86,26,,,0.3,0.3
10010,ロトム,rotom-frost,プラズマポケモン,13,15,50,65,107,105,107,86,26,,,0.3,0.3
10011,ロトム,rotom-fan,プラズマポケモン,13,3,50,65,107,105,107,86,26,,,0.3,0.3
10012,ロトム,rotom-mow,プラズマポケモン,13,12,50,65,107,105,107,86,26,,,0.3,0.3
10013,ポワルン,castform-sunny,てんきポケモン,10,,70,70,70,70,70,70,59,,,0.3,0.8
10014,ポワルン,castform-rainy,てんきポケモン,11,,70,70,70,70,70,70,59,,,0.3,0.8
10015,ポワルン,castform-snowy,てんきポケモン,15,,70,70,70,70,70,70,59,,,0.3,0.8
10016,バスラオ,basculin-blue-striped,らんぼうポケモン,11,,70,92,65,80,55,98,69,91,104,1.0,18.0
10017,ヒヒダルマ,darmanitan-zen,えんじょうポケモン,10,14,105,30,105,140,105,55,125,,161,1.3,92.9
10018,メロエッタ,meloetta-pirouette,せんりつポケモン,1,2,100,128,90,77,77,128,32,,,0.6,6.5
10019,トルネロス,tornadus-therian,せんぷうポケモン,3,,79,100,80,110,90,121,144,,,1.4,63.0
10020,ボルトロス,thundurus-therian,らいげきポケモン,13,3,79,105,70,145,80,101,10,,,3.0,61.0
10021,ランドロス,landorus-therian,ほうじょうポケモン,5,3,89,145,90,105,80,91,22,,,1.3,68.0
10022,キュレム,kyurem-black,きょうかいポケモン,16,15,125,170,100,120,90,95,164,,,3.3,325.0
10023,キュレム,kyurem-white,きょうかいポケモン,16,15,125,120,90,170,100,95,163,,,3.6,325.0
10024,ケルディオ,keldeo-resolute,わかごまポケモン,11,2,91,72,90,129,90,108,154,,,1.4,48.5
10025,ニャオニクス,meowstic-female,よくせいポケモン,14,,74,48,76,83,81,104,51,151,172,0.6,8.5
10026,ギルガルド,aegislash-blade,おうけんポケモン,9,8,60,140,50,140,50,60,176,,,1.7,53.0
10027,バケッチャ,pumpkaboo-small,かぼちゃポケモン,8,12,44,66,70,44,55,56,53,119,15,0.3,3.5
10028,バケッチャ,pumpkaboo-large,かぼちゃポケモン,8,12,54,66,70,44,55,46,53,119,15,0.5,7.5
10029,バケッチャ,pumpkaboo-super,かぼちゃポケモン,8,12,59,66,70,44,55,41,53,119,15,0.8,15.0
10030,パンプジン,gourgeist-small,かぼちゃポケモン,8,12,55,85,122,58,75,99,53,119,15,0.7,9.5
10031,パンプジン,gourgeist-large,かぼちゃポケモン,8,12,75,95,122,58,75,69,53,119,15,1.1,14.0
10032,パンプジン,gourgeist-super,かぼちゃポケモン,8,12,85,100,122,58,75,54,53,119,15,1.7,39.0
10033,フシギバナ,venusaur-mega,たねポケモン,12,4,80,100,123,122,120,80,47,,,2.4,155.5
10034,リザードン,charizard-mega-x,かえんポケモン,10,16,78,130,111,130,85,100,181,,,1.7,110.5
10035,リザードン,charizard-mega-y,かえんポケモン,10,3,78,104,78,159,115,100,70,,,1.7,100.5
10036,カメックス,blastoise-mega,こうらポケモン,11,,79,103,120,135,115,78,178,,,1.6,101.1
10037,フーディン,alakazam-mega,ねんりきポケモン,14,,55,50,65,175,105,150,36,,,1.2,48.0
10038,ゲンガー,gengar-mega,シャドーポケモン,8,4,60,65,80,170,95,130,23,,,1.4,40.5
10039,ガルーラ,kangaskhan-mega,おやこポケモン,1,,105,125,100,60,100,100,185,,,2.2,100.0
10040,カイロス,pinsir-mega,くわがたポケモン,7,3,65,155,120,65,90,105,184,,,1.7,59.0
10041,ギャラドス,gyarados-mega,きょうあくポケモン,11,17,95,155,109,70,130,81,104,,,6.5,305.0
10042,プテラ,aerodactyl-mega,かせきポケモン,6,3,80,135,85,70,95,150,181,,,2.1,79.0
10043,ミュウツー,mewtwo-mega-x,いでんしポケモン,14,2,106,190,100,154,100,130,80,,,2.3,127.0
10044,ミュウツー,mewtwo-mega-y,いでんしポケモン,14,,106,150,70,194,120,140,15,,,1.5,33.0
10045,デンリュウ,ampharos-mega,ライトポケモン,13,16,90,95,105,165,110,45,104,,,1.4,61.5
10046,ハッサム,scizor-mega,はさみポケモン,7,9,70,150,140,65,100,75,101,,,2.0,125.0
10047,ヘラクロス,heracross-mega,１ぽんヅノポケモン,7,2,80,185,115,40,105,75,92,,,1.7,62.5
10048,ヘルガー,houndoom-mega,ダークポケモン,17,10,75,90,90,140,90,115,94,,,1.9,49.5
10049,バンギラス,tyranitar-mega,よろいポケモン,6,17,100,164,150,95,120,71,45,,,2.5,255.0
10050,バシャーモ,blaziken-mega,もうかポケモン,10,2,80,160,80,130,80,100,3,,,1.9,52.0
10051,サーナイト,gardevoir-mega,ほうようポケモン,14,18,68,85,65,165,135,100,182,,,1.6,48.4
10052,クチート,mawile-mega,あざむきポケモン,9,18,50,105,125,55,95,50,37,,,1.0,23.5
10053,ボスゴドラ,aggron-mega,てつヨロイポケモン,9,,70,140,230,60,80,50,111,,,2.2,395.0
10054,チャーレム,medicham-mega,めいそうポケモン,2,14,60,100,85,80,85,100,74,,,1.3,31.5
10055,ライボルト,manectric-mega,ほうでんポケモン,13,,70,75,80,135,80,135,22,,,1.8,44.0
10056,ジュペッタ,banette-mega,ぬいぐるみポケモン,8,,64,165,75,93,83,75,158,,,1.2,13.0
10057,アブソル,absol-mega,わざわいポケモン,17,,65,150,60,115,60,115,156,,,1.2,49.0
10058,ガブリアス,garchomp-mega,マッハポケモン,16,5,108,170,115,120,95,92,159,,,1.9,95.0
10059,ルカリオ,lucario-mega,はどうポケモン,2,9,70,145,88,140,70,112,91,,,1.3,57.5
10060,ユキノオー,abomasnow-mega,じゅひょうポケモン,12,15,90,132,105,132,105,30,117,,,2.7,185.0
10061,フラエッテ,floette-eternal,いちりんポケモン,18,,74,65,67,125,128,92,166,,180,0.2,0.9
10062,ラティアス,latias-mega,むげんポケモン,16,14,80,100,120,140,150,110,26,,,1.8,52.0
10063,ラティオス,latios-mega,むげんポケモン,16,14,80,130,100,160,120,110,26,,,2.3,70.0
10064,ラグラージ,swampert-mega,ぬまうおポケモン,11,5,100,150,110,95,110,70,33,,,1.9,102.0
10065,ジュカイン,sceptile-mega,みつりんポケモン,12,16,70,110,75,145,85,145,31,,,1.9,55.2
10066,ヤミラミ,sableye-mega,くらやみポケモン,17,8,50,85,125,85,115,20,156,,,0.5,161.0
10067,チルタリス,altaria-mega,ハミングポケモン,16,18,75,110,110,110,105,80,182,,,1.5,20.6
10068,エルレイド,gallade-mega,やいばポケモン,14,2,68,165,95,65,115,110,39,,,1.6,56.4
10069,タブンネ,audino-mega,ヒヤリングポケモン,1,18,103,60,126,80,126,50,131,,,1.5,32.0
10070,サメハダー,sharpedo-mega,きょうぼうポケモン,11,17,70,140,70,110,65,105,173,,,2.5,130.3
10071,ヤドラン,slowbro-mega,やどかりポケモン,11,14,95,75,180,130,80,30,75,,,2.0,120.0
10072,ハガネール,steelix-mega,てつへびポケモン,9,5,75,125,230,55,95,30,159,,,10.5,740.0
10073,ピジョット,pidgeot-mega,とりポケモン,1,3,83,80,80,135,80,121,99,,,2.2,50.5
10074,オニゴーリ,glalie-mega,がんめんポケモン,15,,80,120,80,120,80,100,174,,,2.1,350.2
10075,ディアンシー,diancie-mega,ほうせきポケモン,6,18,50,160,110,160,110,110,156,,,1.1,27.8
10076,メタグロス,metagross-mega,てつあしポケモン,9,14,80,145,150,105,110,110,181,,,2.5,942.9
10077,カイオーガ,kyogre-primal,かいていポケモン,11,,100,150,90,180,160,90,189,,,9.8,430.0
10078,グラードン,groudon-primal,たいりくポケモン,5,10,100,180,160,150,90,90,190,,,5.0,999.7
10079,レックウザ,rayquaza-mega,てんくうポケモン,16,3,105,180,100,180,100,115,191,,,10.8,392.0
10080,ピカチュウ,pikachu-rock-star,ねずみポケモン,13,,35,55,40,50,50,90,9,,31,0.4,6.0
10081,ピカチュウ,pikachu-belle,ねずみポケモン,13,,35,55,40,50,50,90,9,,31,0.4,6.0
10082,ピカチュウ,pikachu-pop-star,ねずみポケモン,13,,35,55,40,50,50,90,9,,31,0.4,6.0
10083,ピカチュウ,pikachu-phd,ねずみポケモン,13,,35,55,40,50,50,90,9,,31,0.4,6.0
10084,ピカチュウ,pikachu-libre,ねずみポケモン,13,,35,55,40,50,50,90,9,,31,0.4,6.0
10085,ピカチュウ,pikachu-cosplay,ねずみポケモン,13,,35,55,40,50,50,90,9,,31,0.4,6.0
10086,フーパ,hoopa-unbound,いたずらポケモン,14,17,80,160,60,170,130,80,170,,,6.5,490.0
10087,バクーダ,camerupt-mega,ふんかポケモン,10,5,70,120,100,145,105,20,125,,,2.5,320.5
10088,ミミロップ,lopunny-mega,うさぎポケモン,1,2,65,136,94,54,96,135,113,,,1.3,28.3
10089,ボーマンダ,salamence-mega,ドラゴンポケモン,16,3,95,145,130,120,90,120,184,,,1.8,112.6
10090,スピアー,beedrill-mega,どくばちポケモン,7,4,65,150,40,15,80,145,91,,,1.4,40.5
10091,コラッタ,rattata-alola,ねずみポケモン,17,1,30,56,35,25,35,72,82,55,47,0.3,3.8
10092,ラッタ,raticate-alola,ねずみポケモン,17,1,75,71,70,40,80,77,82,55,47,0.7,25.5
10093,ラッタ,raticate-totem-alola,ねずみポケモン,17,1,75,71,70,40,80,77,82,55,47,1.4,105.0
10094,ピカチュウ,pikachu-original-cap,ねずみポケモン,13,,35,55,40,50,50,90,9,,31,0.4,6.0
10095,ピカチュウ,pikachu-hoenn-cap,ねずみポケモン,13,,35,55,40,50,50,90,9,,31,0.4,6.0
10096,ピカチュウ,pikachu-sinnoh-cap,ねずみポケモン,13,,35,55,40,50,50,90,9,,31,0.4,6.0
10097,ピカチュウ,pikachu-unova-cap,ねずみポケモン,13,,35,55,40,50,50,90,9,,31,0.4,6.0
10098,ピカチュウ,pikachu-kalos-cap,ねずみポケモン,13,,35,55,40,50,50,90,9,,31,0.4,6.0
10099,ピカチュウ,pikachu-alola-cap,ねずみポケモン,13,,35,55,40,50,50,90,9,,31,0.4,6.0
10100,ライチュウ,raichu-alola,ねずみポケモン,13,14,60,85,50,95,85,110,207,,,0.7,21.0
10101,サンド,sandshrew-alola,ねずみポケモン,15,9,50,75,90,10,35,40,81,,202,0.7,40.0
10102,サンドパン,sandslash-alola,ねずみポケモン,15,9,75,100,120,25,65,65,81,,202,1.2,55.0
10103,ロコン,vulpix-alola,きつねポケモン,15,,38,41,40,50,65,65,81,,117,0.6,9.9
10104,キュウコン,ninetales-alola,きつねポケモン,15,18,73,67,75,81,100,109,81,,117,1.1,19.9
10105,ディグダ,diglett-alola,もぐらポケモン,5,9,10,55,30,35,45,90,8,221,159,0.2,1.0
10106,ダグトリオ,dugtrio-alola,もぐらポケモン,5,9,35,100,60,50,70,110,8,221,159,0.7,66.6
10107,ニャース,meowth-alola,ばけねこポケモン,17,,40,35,35,50,40,90,53,101,155,0.4,4.2
10108,ペルシアン,persian-alola,シャムネコポケモン,17,,65,60,60,75,65,115,169,101,155,1.1,33.0
10109,イシツブテ,geodude-alola,がんせきポケモン,6,13,40,80,100,30,30,20,42,5,206,0.4,20.3
10110,ゴローン,graveler-alola,がんせきポケモン,6,13,55,95,115,45,45,35,42,5,206,1.0,110.0
10111,ゴローニャ,golem-alola,メガトンポケモン,6,13,80,120,130,55,65,45,42,5,206,1.7,316.0
10112,ベトベター,grimer-alola,ヘドロポケモン,4,17,80,80,50,40,50,25,143,82,223,0.7,42.0
10113,ベトベトン,muk-alola,ヘドロポケモン,4,17,105,105,75,65,100,50,143,82,223,1.0,52.0
10114,ナッシー,exeggutor-alola,やしのみポケモン,12,16,95,105,85,125,75,45,119,,139,10.9,415.6
10115,ガラガラ,marowak-alola,ほねずきポケモン,10,8,60,80,110,50,80,45,130,31,69,1.0,34.0
10116,ゲッコウガ,greninja-battle-bond,しのびポケモン,11,17,72,95,67,103,71,122,210,,,1.5,40.0
10117,ゲッコウガ,greninja-ash,しのびポケモン,11,17,72,145,67,153,71,132,210,,,1.5,40.0
10118,ジガルデ,zygarde-10-power-construct,ちつじょポケモン,16,5,54,100,71,61,85,115,211,,,1.2,33.5
10119,ジガルデ,zygarde-50-power-construct,ちつじょポケモン,16,5,108,100,121,81,95,95,211,,,5.0,305.0
10120,ジガルデ,zygarde-complete,ちつじょポケモン,16,5,216,100,121,91,95,85,211,,,4.5,610.0
10121,デカグース,gumshoos-totem,はりこみポケモン,1,,88,110,60,55,60,45,198,173,91,1.4,60.0
10122,クワガノン,vikavolt-totem,くわがたポケモン,7,13,77,70,90,145,75,43,26,,,2.6,147.5
10123,オドリドリ,oricorio-pom-pom,ダンスポケモン,13,3,75,70,70,98,70,93,216,,,0.6,3.4
10124,オドリドリ,oricorio-pau,ダンスポケモン,14,3,75,70,70,98,70,93,216,,,0.6,3.4
10125,オドリドリ,oricorio-sensu,ダンスポケモン,8,3,75,70,70,98,70,93,216,,,0.6,3.4
10126,ルガルガン,lycanroc-midnight,オオカミポケモン,6,,85,115,75,55,75,82,51,72,99,1.1,25.0
10127,ヨワシ,wishiwashi-school,こざかなポケモン,11,,45,140,130,140,135,30,208,,,8.2,78.6
10128,ラランテス,lurantis-totem,はなかまポケモン,12,,70,105,90,80,90,45,102,,126,1.5,58.0
10129,エンニュート,salazzle-totem,どくトカゲポケモン,4,10,68,64,60,111,60,117,212,,12,2.1,81.0
10130,メテノ,minior-orange-meteor,ながれぼしポケモン,6,3,60,60,100,60,100,60,197,,,0.3,40.0
10131,メテノ,minior-yellow-meteor,ながれぼしポケモン,6,3,60,60,100,60,100,60,197,,,0.3,40.0
10132,メテノ,minior-green-meteor,ながれぼしポケモン,6,3,60,60,100,60,100,60,197,,,0.3,40.0
10133,メテノ,minior-blue-meteor,ながれぼしポケモン,6,3,60,60,100,60,100,60,197,,,0.3,40.0
10134,メテノ,minior-indigo-meteor,ながれぼしポケモン,6,3,60,60,100,60,100,60,197,,,0.3,40.0
10135,メテノ,minior-violet-meteor,ながれぼしポケモン,6,3,60,60,100,60,100,60,197,,,0.3,40.0
10136,メテノ,minior-red,ながれぼしポケモン,6,3,60,100,60,100,60,120,197,,,0.3,0.3
10137,メテノ,minior-orange,ながれぼしポケモン,6,3,60,100,60,100,60,120,197,,,0.3,0.3
10138,メテノ,minior-yellow,ながれぼしポケモン,6,3,60,100,60,100,60,120,197,,,0.3,0.3
10139,メテノ,minior-green,ながれぼしポケモン,6,3,60,100,60,100,60,120,197,,,0.3,0.3
10140,メテノ,minior-blue,ながれぼしポケモン,6,3,60,100,60,100,60,120,197,,,0.3,0.3
10141,メテノ,minior-indigo,ながれぼしポケモン,6,3,60,100,60,100,60,120,197,,,0.3,0.3
10142,メテノ,minior-violet,ながれぼしポケモン,6,3,60,100,60,100,60,120,197,,,0.3,0.3
10143,ミミッキュ,mimikyu-busted,ばけのかわポケモン,8,18,55,90,80,50,105,96,209,,,0.2,0.7
10144,ミミッキュ,mimikyu-totem-disguised,ばけのかわポケモン,8,18,55,90,80,50,105,96,209,,,0.4,2.8
10145,ミミッキュ,mimikyu-totem-busted,ばけのかわポケモン,8,18,55,90,80,50,105,96,209,,,0.4,2.8
10146,ジャラランガ,kommo-o-totem,うろこポケモン,16,2,75,110,125,100,105,85,171,43,142,2.4,207.5
10147,マギアナ,magearna-original,じんぞうポケモン,9,18,80,95,115,130,115,65,220,,,1.0,80.5
10148,ピカチュウ,pikachu-partner-cap,ねずみポケモン,13,,35,55,40,50,50,90,9,,31,0.4,6.0
10149,ガラガラ,marowak-totem,ほねずきポケモン,10,8,60,80,110,50,80,45,130,31,69,1.7,98.0
10150,アブリボン,ribombee-totem,ツリアブポケモン,7,18,60,55,60,95,70,124,118,19,175,0.4,2.0
10151,イワンコ,rockruff-own-tempo,こいぬポケモン,6,,45,65,40,30,40,60,20,,,0.5,9.2
10152,ルガルガン,lycanroc-dusk,オオカミポケモン,6,,75,117,65,55,65,110,181,,,0.8,25.0
10153,オニシズクモ,araquanid-totem,すいほうポケモン,11,7,68,70,92,50,132,42,199,,11,3.1,217.5
10154,トゲデマル,togedemaru-totem,まるまりポケモン,13,9,65,98,63,40,73,96,160,31,5,0.6,13.0
10155,ネクロズマ,necrozma-dusk,プリズムポケモン,14,9,97,157,127,113,109,77,232,,,3.8,460.0
10156,ネクロズマ,necrozma-dawn,プリズムポケモン,14,8,97,113,109,157,127,77,232,,,4.2,350.0
10157,ネクロズマ,necrozma-ultra,プリズムポケモン,14,16,97,167,97,167,97,129,233,,,7.5,230.0
10158,ピカチュウ,pikachu-starter,ねずみポケモン,13,,45,80,50,75,60,120,9,,31,0.4,6.0
10159,イーブイ,eevee-starter,しんかポケモン,1,,65,75,70,65,85,75,50,91,107,0.3,6.5
10160,ピカチュウ,pikachu-world-cap,ねずみポケモン,13,,35,55,40,50,50,90,9,,31,0.4,6.0
10161,ニャース,meowth-galar,ばけねこポケモン,9,,50,65,55,40,40,40,53,181,127,0.4,7.5
10162,ポニータ,ponyta-galar,ひのうまポケモン,14,,50,85,55,65,65,90,50,257,107,0.8,24.0
10163,ギャロップ,rapidash-galar,ひのうまポケモン,14,18,65,100,70,80,80,105,50,257,107,1.7,80.0
10164,ヤドン,slowpoke-galar,まぬけポケモン,14,,90,65,65,40,40,15,82,20,144,1.2,36.0
10165,ヤドラン,slowbro-galar,やどかりポケモン,4,14,95,100,95,100,70,30,259,20,144,1.6,70.5
10166,カモネギ,farfetchd-galar,かるがもポケモン,2,,52,95,55,58,62,55,80,,113,0.8,42.0
10167,マタドガス,weezing-galar,どくガスポケモン,4,18,65,90,120,85,70,60,26,256,228,3.0,16.0
10168,バリヤード,mr-mime-galar,バリアーポケモン,15,14,50,65,65,90,90,100,72,251,115,1.4,56.8
10169,フリーザー,articuno-galar,れいとうポケモン,14,3,90,85,85,125,100,95,172,,,1.7,50.9
10170,サンダー,zapdos-galar,でんげきポケモン,2,3,90,125,90,85,90,100,128,,,1.6,58.2
10171,ファイヤー,moltres-galar,かえんポケモン,17,3,90,85,90,100,125,90,201,,,2.0,66.0
10172,ヤドキング,slowking-galar,おうじゃポケモン,4,14,95,65,80,110,110,30,261,20,144,1.8,79.5
10173,サニーゴ,corsola-galar,さんごポケモン,8,,60,55,100,65,100,30,133,,130,0.6,0.5
10174,ジグザグマ,zigzagoon-galar,まめだぬきポケモン,17,1,38,30,41,30,41,60,53,82,95,0.4,17.5
10175,マッスグマ,linoone-galar,とっしんポケモン,17,1,78,70,61,50,61,100,53,82,95,0.5,32.5
10176,ダルマッカ,darumaka-galar,だるまポケモン,15,,70,90,45,15,45,50,55,,39,0.7,40.0
10177,ヒヒダルマ,darmanitan-galar-standard,えんじょうポケモン,15,,105,140,55,30,55,95,255,,161,1.7,120.0
10178,ヒヒダルマ,darmanitan-galar-zen,えんじょうポケモン,15,10,105,160,55,30,55,135,255,,161,1.7,120.0
10179,デスマス,yamask-galar,たましいポケモン,5,8,38,55,85,30,65,30,254,,,0.5,1.5
10180,マッギョ,stunfisk-galar,トラップポケモン,5,9,109,81,99,66,84,32,250,,,0.7,20.5
10181,ジガルデ,zygarde-10,ちつじょポケモン,16,5,54,100,71,61,85,115,188,,,1.2,33.5
10182,ウッウ,cramorant-gulping,うのみポケモン,3,11,70,85,55,85,95,85,241,,,0.8,18.0
10183,ウッウ,cramorant-gorging,うのみポケモン,3,11,70,85,55,85,95,85,241,,,0.8,18.0
10184,ストリンダー,toxtricity-low-key,パンクポケモン,13,4,75,98,70,114,70,75,244,58,101,1.6,40.0
10185,コオリッポ,eiscue-noice,ペンギンポケモン,15,,75,80,70,65,50,130,248,,,1.4,89.0
10186,イエッサン,indeedee-female,かんじょうポケモン,14,1,70,55,65,95,105,85,20,28,227,0.9,28.0
10187,モルペコ,morpeko-hangry,にめんポケモン,13,17,58,95,58,70,58,97,258,,,0.3,3.0
10188,ザシアン,zacian-crowned,つわものポケモン,18,9,92,170,115,80,115,148,234,,,2.8,355.0
10189,ザマゼンタ,zamazenta-crowned,つわものポケモン,2,9,92,130,145,80,145,128,235,,,2.9,785.0
10190,ムゲンダイナ,eternatus-eternamax,キョダイポケモン,4,16,255,115,250,125,250,130,46,,,100.0,0.0
10191,ウーラオス,urshifu-rapid-strike,けんぽうポケモン,2,11,100,130,100,63,60,97,260,,,1.9,105.0
10192,ザルード,zarude-dada,わるざるポケモン,17,12,105,120,105,70,95,105,102,,,1.8,70.0
10193,バドレックス,calyrex-ice,キングポケモン,14,15,100,165,150,85,130,50,266,,,2.4,809.1
10194,バドレックス,calyrex-shadow,キングポケモン,14,8,100,85,80,165,100,150,267,,,2.4,53.6
10195,フシギバナ,venusaur-gmax,たねポケモン,12,4,80,82,83,100,100,80,65,,34,24.0,1000.0
10196,リザードン,charizard-gmax,かえんポケモン,10,3,78,84,78,109,85,100,66,,94,28.0,1000.0
10197,カメックス,blastoise-gmax,こうらポケモン,11,,79,83,100,85,105,78,67,,44,25.0,1000.0
10198,バタフリー,butterfree-gmax,ちょうちょポケモン,7,3,60,45,50,90,80,70,14,,110,17.0,1000.0
10199,ピカチュウ,pikachu-gmax,ねずみポケモン,13,,35,55,40,50,50,90,9,,31,21.0,1000.0
10200,ニャース,meowth-gmax,ばけねこポケモン,1,,40,45,35,40,40,90,53,101,127,33.0,1000.0
10201,カイリキー,machamp-gmax,かいりきポケモン,2,,90,130,80,65,85,55,62,99,80,25.0,1000.0
10202,ゲンガー,gengar-gmax,シャドーポケモン,8,4,60,65,60,130,75,110,130,,,20.0,1000.0
10203,キングラー,kingler-gmax,はさみポケモン,11,,55,130,115,50,50,75,52,75,125,19.0,1000.0
10204,ラプラス,lapras-gmax,のりものポケモン,11,15,130,85,80,85,95,60,11,75,93,24.0,1000.0
10205,イーブイ,eevee-gmax,しんかポケモン,1,,55,55,50,45,65,55,50,91,107,18.0,1000.0
10206,カビゴン,snorlax-gmax,いねむりポケモン,1,,160,110,65,65,110,30,17,47,82,35.0,1000.0
10207,ダストダス,garbodor-gmax,ゴミすてばポケモン,4,,80,95,82,60,82,75,1,133,106,21.0,1000.0
10208,メルメタル,melmetal-gmax,ナットポケモン,9,,135,143,143,80,65,34,89,,,25.0,1000.0
10209,ゴリランダー,rillaboom-gmax,ドラマーポケモン,12,,100,125,90,60,70,85,65,,229,28.0,1000.0
10210,エースバーン,cinderace-gmax,ストライカーポケモン,10,,80,116,75,65,75,119,66,,236,27.0,1000.0
10211,インテレオン,inteleon-gmax,エージェントポケモン,11,,70,85,65,125,65,120,67,,97,40.0,1000.0
10212,アーマーガア,corviknight-gmax,カラスポケモン,3,9,98,87,105,53,85,67,46,127,240,14.0,1000.0
10213,イオルブ,orbeetle-gmax,ななほしポケモン,7,14,60,45,110,80,120,90,68,119,140,14.0,1000.0
10214,カジリガメ,drednaw-gmax,かみつきポケモン,11,6,90,115,90,48,68,74,173,75,33,24.0,1000.0
10215,セキタンザン,coalossal-gmax,せきたんポケモン,6,10,110,80,120,80,90,30,243,49,18,42.0,1000.0
10216,アップリュー,flapple-gmax,りんごはねポケモン,12,16,70,110,80,95,60,70,247,82,55,24.0,1000.0
10217,タルップル,appletun-gmax,りんごじるポケモン,12,16,110,85,80,100,80,30,247,82,47,24.0,1000.0
10218,サダイジャ,sandaconda-gmax,すなへびポケモン,5,,72,107,125,65,70,71,245,61,8,22.0,1000.0
10219,ストリンダー,toxtricity-amped-gmax,パンクポケモン,13,4,75,98,70,114,70,75,244,57,101,24.0,1000.0
10220,マルヤクデ,centiskorch-gmax,はつねつポケモン,10,7,100,115,65,90,90,65,18,73,49,75.0,1000.0
10221,ブリムオン,hatterene-gmax,せいじゃくポケモン,14,18,57,90,95,136,103,29,131,107,156,26.0,1000.0
10222,オーロンゲ,grimmsnarl-gmax,ビルドアップポケモン,17,18,95,120,65,95,75,60,158,119,124,32.0,1000.0
10223,マホイップ,alcremie-gmax,クリームポケモン,18,,65,60,75,110,121,64,175,,165,30.0,1000.0
10224,ダイオウドウ,copperajah-gmax,どうぞうポケモン,9,,122,130,69,80,69,30,125,,134,23.0,1000.0
10225,ジュラルドン,duraludon-gmax,ごうきんポケモン,9,16,70,95,115,120,50,85,135,134,242,43.0,1000.0
10226,ウーラオス,urshifu-single-strike-gmax,けんぽうポケモン,2,17,100,130,100,63,60,97,260,,,29.0,1000.0
10227,ウーラオス,urshifu-rapid-strike-gmax,けんぽうポケモン,2,11,100,130,100,63,60,97,260,,,26.0,1000.0
10228,ストリンダー,toxtricity-low-key-gmax,パンクポケモン,13,4,75,98,70,114,70,75,244,58,101,24.0,1000.0
10229,ガーディ,growlithe-hisui,こいぬポケモン,10,6,60,75,45,65,50,55,22,18,154,0.8,22.7
10230,ウインディ,arcanine-hisui,でんせつポケモン,10,6,95,115,80,95,80,90,22,18,154,2.0,168.0
10231,ビリリダマ,voltorb-hisui,ボールポケモン,13,12,40,30,50,55,55,100,43,9,106,0.5,13.0
10232,マルマイン,electrode-hisui,ボールポケモン,13,12,60,50,70,80,80,150,43,9,106,1.2,71.0
10233,バクフーン,typhlosion-hisui,かざんポケモン,10,8,73,84,78,119,85,95,66,,18,1.6,69.8
10234,ハリーセン,qwilfish-hisui,ふうせんポケモン,17,4,65,95,85,55,55,85,38,33,22,0.5,3.9
10235,ニューラ,sneasel-hisui,かぎづめポケモン,2,4,55,95,55,35,75,115,39,51,143,0.9,27.0
